MANDT,EBELN,EBELP,LOEKZ,STATU,AEDAT,TXZ01,MATNR,EMATN,BUKRS,WERKS,LGORT,BEDNR,MATKL,INFNR,IDNLF,KTMNG,MENGE,MEINS,BPRME,BPUMZ,BPUMN,UMREZ,UMREN,NETPR,PEINH,NETWR,BRTWR,AGDAT,WEBAZ,MWSKZ,BONUS,INSMK,SPINF,PRSDR,SCHPR,MAHNZ,MAHN1,MAHN2,MAHN3,UEBTO,UEBTK,UNTTO,BWTAR,BWTTY,ABSKZ,AGMEM,ELIKZ,EREKZ,PSTYP,KNTTP,KZVBR,VRTKZ,TWRKZ,WEPOS,WEUNB,REPOS,WEBRE,KZABS,LABNR,KONNR,KTPNR,ABDAT,ABFTZ,ETFZ1,ETFZ2,KZSTU,NOTKZ,LMEIN,EVERS,ZWERT,NAVNW,ABMNG,PRDAT,BSTYP,EFFWR,XOBLR,KUNNR,ADRNR,EKKOL,SKTOF,STAFO,PLIFZ,NTGEW,GEWEI,TXJCD,ETDRK,SOBKZ,ARSNR,ARSPS,INSNC,SSQSS,ZGTYP,EAN11,BSTAE,REVLV,GEBER
140,4500000000,10,,,5/30/16,Off Road Helmet,OHMT1999,OHMT1999,US00,MI00,,,SFTY,5300000000,,0,60,EA,EA,1,1,1,1,25,1,"1,500.00","1,500.00",00/00/0000,0,,,,C,X,,0,0,0,0,0,,0,,,,,X,,0,,,,,X,,X,,,,,0,00/00/0000,0,0,0,,,EA,,0,0,0,5/9/16,F,"1,500.00",,,,,,SAP,1,15,OZ,,,,0,0,,,,,,,
140,4500000000,20,,,5/30/16,Road Helmet,RHMT1999,RHMT1999,US00,MI00,,,SFTY,5300000001,,0,150,EA,EA,1,1,1,1,25,1,"3,750.00","3,750.00",00/00/0000,0,,,,C,X,,0,0,0,0,0,,0,,,,,X,,0,,,,,X,,X,,,,,0,00/00/0000,0,0,0,,,EA,,0,0,0,5/9/16,F,"3,750.00",,,,,,SAP,1,10,OZ,,,,0,0,,,,,,,
140,4500000001,10,,,1/18/19,Off Road Helmet,OHMT1000,OHMT1000,US00,MI00,,,SFTY,5300000010,,0,10,EA,EA,1,1,1,1,25,1,250,250,00/00/0000,0,,,,C,X,,0,0,0,0,0,,0,,,,,X,,0,,,,,X,,X,,,,,0,00/00/0000,0,0,0,,,EA,,0,0,0,1/18/19,F,250,X,,,,,SAP,1,15,OZ,FL0000000,,,0,0,,,,,,,
140,4500000002,10,,,1/18/19,Off Road Helmet,OHMT1002,OHMT1002,US00,MI00,,,SFTY,5300000011,,0,10,EA,EA,1,1,1,1,24,1,240,240,00/00/0000,0,,,,C,X,,0,0,0,0,0,,0,,,,,X,,0,,,,,X,,X,,,,,0,00/00/0000,0,0,0,,,EA,,0,0,0,1/18/19,F,240,X,,,,,SAP,1,15,OZ,FL0000000,,,0,0,,,,,,,
140,4500000003,10,,,1/18/19,Off Road Helmet,OHMT1000,OHMT1000,US00,MI00,,,SFTY,5300000012,,0,10,EA,EA,1,1,1,1,24,1,240,240,00/00/0000,0,,,,C,X,,0,0,0,0,0,,0,,,,,X,,0,,,,,X,,X,,,,,0,00/00/0000,0,0,0,,,EA,,0,0,0,1/18/19,F,240,X,,,,,SAP,1,15,OZ,FL0000000,,,0,0,,,,,,,
140,4500000004,10,,,1/18/19,Off Road Helmet,OHMT1028,OHMT1028,US00,MI00,,,SFTY,5300000013,,0,10,EA,EA,1,1,1,1,24,1,240,240,00/00/0000,0,,,,C,X,,0,0,0,0,0,,0,,,,,X,,0,,,,,X,,X,,,,,0,00/00/0000,0,0,0,,,EA,,0,0,0,1/18/19,F,240,X,,,,,SAP,1,15,OZ,FL0000000,,,0,0,,,,,,,
140,4500000005,10,,,1/18/19,Off Road Helmet,OHMT1014,OHMT1014,US00,MI00,,,SFTY,5300000014,,0,10,EA,EA,1,1,1,1,24,1,240,240,00/00/0000,0,,,,C,X,,0,0,0,0,0,,0,,,,,X,,0,,,,,X,,X,,,,,0,00/00/0000,0,0,0,,,EA,,0,0,0,1/18/19,F,240,X,,,,,SAP,1,15,OZ,FL0000000,,,0,0,,,,,,,
140,4500000006,10,,,1/18/19,Off Road Helmet,OHMT1020,OHMT1020,US00,MI00,,,SFTY,5300000015,,0,10,EA,EA,1,1,1,1,24,1,240,240,00/00/0000,0,,,,C,X,,0,0,0,0,0,,0,,,,,X,,0,,,,,X,,X,,,,,0,00/00/0000,0,0,0,,,EA,,0,0,0,1/18/19,F,240,X,,,,,SAP,1,15,OZ,FL0000000,,,0,0,,,,,,,
140,4500000007,10,,,1/18/19,Off Road Helmet,OHMT1004,OHMT1004,US00,MI00,,,SFTY,5300000016,,0,10,EA,EA,1,1,1,1,24,1,240,240,00/00/0000,0,,,,C,X,,0,0,0,0,0,,0,,,,,X,,0,,,,,X,,X,,,,,0,00/00/0000,0,0,0,,,EA,,0,0,0,1/18/19,F,240,X,,,,,SAP,1,15,OZ,FL0000000,,,0,0,,,,,,,
140,4500000008,10,,,1/18/19,Off Road Helmet,OHMT1000,OHMT1000,US00,MI00,,,SFTY,5300000017,,0,10,EA,EA,1,1,1,1,24,1,240,240,00/00/0000,0,,,,C,X,,0,0,0,0,0,,0,,,,,X,,0,,,,,X,,X,,,,,0,00/00/0000,0,0,0,,,EA,,0,0,0,1/18/19,F,240,X,,,,,SAP,1,15,OZ,FL0000000,,,0,0,,,,,,,
140,4500000009,10,,,1/18/19,Off Road Helmet,OHMT1027,OHMT1027,US00,MI00,,,SFTY,5300000018,,0,10,EA,EA,1,1,1,1,24,1,240,240,00/00/0000,0,,,,C,X,,0,0,0,0,0,,0,,,,,,,0,,,,,X,,X,,,,,0,00/00/0000,0,0,0,,,EA,,0,0,0,1/18/19,F,240,X,,,,,SAP,1,15,OZ,FL0000000,,,0,0,,,,,,,
140,4500000010,10,,,1/18/19,Off Road Helmet,OHMT1011,OHMT1011,US00,MI00,,,SFTY,5300000019,,0,10,EA,EA,1,1,1,1,24,1,240,240,00/00/0000,0,,,,C,X,,0,0,0,0,0,,0,,,,,X,,0,,,,,X,,X,,,,,0,00/00/0000,0,0,0,,,EA,,0,0,0,1/18/19,F,240,X,,,,,SAP,1,15,OZ,FL0000000,,,0,0,,,,,,,
140,4500000011,10,,,1/18/19,Off Road Helmet,OHMT1030,OHMT1030,US00,MI00,,,SFTY,5300000020,,0,10,EA,EA,1,1,1,1,24,1,240,240,00/00/0000,0,,,,C,X,,0,0,0,0,0,,0,,,,,X,,0,,,,,X,,X,,,,,0,00/00/0000,0,0,0,,,EA,,0,0,0,1/18/19,F,240,X,,,,,SAP,1,15,OZ,FL0000000,,,0,0,,,,,,,
140,4500000012,10,,,1/18/19,Off Road Helmet,OHMT1031,OHMT1031,US00,MI00,,,SFTY,5300000021,,0,10,EA,EA,1,1,1,1,24,1,240,240,00/00/0000,0,,,,C,X,,0,0,0,0,0,,0,,,,,X,,0,,,,,X,,X,,,,,0,00/00/0000,0,0,0,,,EA,,0,0,0,1/18/19,F,240,X,,,,,SAP,1,15,OZ,FL0000000,,,0,0,,,,,,,
140,4500000013,10,,,1/18/19,Off Road Helmet,OHMT1037,OHMT1037,US00,MI00,,,SFTY,5300000022,,0,10,EA,EA,1,1,1,1,24,1,240,240,00/00/0000,0,,,,C,X,,0,0,0,0,0,,0,,,,,X,,0,,,,,X,,X,,,,,0,00/00/0000,0,0,0,,,EA,,0,0,0,1/18/19,F,240,X,,,,,SAP,1,15,OZ,FL0000000,,,0,0,,,,,,,
140,4500000014,10,,,1/18/19,Off Road Helmet,OHMT1040,OHMT1040,US00,MI00,,,SFTY,5300000023,,0,10,EA,EA,1,1,1,1,24,1,240,240,00/00/0000,0,,,,C,X,,0,0,0,0,0,,0,,,,,X,,0,,,,,X,,X,,,,,0,00/00/0000,0,0,0,,,EA,,0,0,0,1/18/19,F,240,X,,,,,SAP,1,15,OZ,FL0000000,,,0,0,,,,,,,
140,4500000015,10,,,1/18/19,Off Road Helmet,OHMT1038,OHMT1038,US00,MI00,,,SFTY,5300000024,,0,10,EA,EA,1,1,1,1,24,1,240,240,00/00/0000,0,,,,C,X,,0,0,0,0,0,,0,,,,,X,,0,,,,,X,,X,,,,,0,00/00/0000,0,0,0,,,EA,,0,0,0,1/18/19,F,240,X,,,,,SAP,1,15,OZ,FL0000000,,,0,0,,,,,,,
140,4500000016,10,,,1/18/19,Off Road Helmet,OHMT1017,OHMT1017,US00,MI00,,,SFTY,5300000025,,0,10,EA,EA,1,1,1,1,24,1,240,240,00/00/0000,0,,,,C,X,,0,0,0,0,0,,0,,,,,X,,0,,,,,X,,X,,,,,0,00/00/0000,0,0,0,,,EA,,0,0,0,1/18/19,F,240,X,,,,,SAP,1,15,OZ,FL0000000,,,0,0,,,,,,,
140,4500000017,10,,,1/18/19,Off Road Helmet,OHMT1013,OHMT1013,US00,MI00,,,SFTY,5300000026,,0,10,EA,EA,1,1,1,1,24,1,240,240,00/00/0000,0,,,,C,X,,0,0,0,0,0,,0,,,,,,,0,,,,,X,,X,,,,,0,00/00/0000,0,0,0,,,EA,,0,0,0,1/18/19,F,240,X,,,,,SAP,1,15,OZ,FL0000000,,,0,0,,,,,,,
140,4500000018,10,,,1/18/19,Off Road Helmet,OHMT1023,OHMT1023,US00,MI00,,,SFTY,5300000027,,0,10,EA,EA,1,1,1,1,24,1,240,240,00/00/0000,0,,,,C,X,,0,0,0,0,0,,0,,,,,X,,0,,,,,X,,X,,,,,0,00/00/0000,0,0,0,,,EA,,0,0,0,1/18/19,F,240,X,,,,,SAP,1,15,OZ,FL0000000,,,0,0,,,,,,,
140,4500000019,10,,,1/18/19,Off Road Helmet,OHMT1014,OHMT1014,US00,MI00,,,SFTY,5300000014,,0,10,EA,EA,1,1,1,1,24,1,240,240,00/00/0000,0,,,,C,X,,0,0,0,0,0,,0,,,,,,,0,,,,,X,,X,,,,,0,00/00/0000,0,0,0,,,EA,,0,0,0,1/18/19,F,240,X,,,,,SAP,1,15,OZ,FL0000000,,,0,0,,,,,,,
140,4500000020,10,,,1/18/19,Off Road Helmet,OHMT1049,OHMT1049,US00,MI00,,,SFTY,5300000028,,0,10,EA,EA,1,1,1,1,24,1,240,240,00/00/0000,0,,,,C,X,,0,0,0,0,0,,0,,,,,X,,0,,,,,X,,X,,,,,0,00/00/0000,0,0,0,,,EA,,0,0,0,1/18/19,F,240,X,,,,,SAP,1,15,OZ,FL0000000,,,0,0,,,,,,,
140,4500000021,10,,,1/18/19,Off Road Helmet,OHMT1024,OHMT1024,US00,MI00,,,SFTY,5300000029,,0,10,EA,EA,1,1,1,1,24,1,240,240,00/00/0000,0,,,,C,X,,0,0,0,0,0,,0,,,,,,,0,,,,,X,,X,,,,,0,00/00/0000,0,0,0,,,EA,,0,0,0,1/18/19,F,240,X,,,,,SAP,1,15,OZ,FL0000000,,,0,0,,,,,,,
140,4500000022,10,,,1/18/19,Off Road Helmet,OHMT1032,OHMT1032,US00,MI00,,,SFTY,5300000030,,0,10,EA,EA,1,1,1,1,24,1,240,240,00/00/0000,0,,,,C,X,,0,0,0,0,0,,0,,,,,X,,0,,,,,X,,X,,,,,0,00/00/0000,0,0,0,,,EA,,0,0,0,1/18/19,F,240,X,,,,,SAP,1,15,OZ,FL0000000,,,0,0,,,,,,,
140,4500000023,10,,,1/18/19,Off Road Helmet,OHMT1033,OHMT1033,US00,MI00,,,SFTY,5300000031,,0,10,EA,EA,1,1,1,1,24,1,240,240,00/00/0000,0,,,,C,X,,0,0,0,0,0,,0,,,,,,,0,,,,,X,,X,,,,,0,00/00/0000,0,0,0,,,EA,,0,0,0,1/18/19,F,240,X,,,,,SAP,1,15,OZ,FL0000000,,,0,0,,,,,,,
140,4500000024,10,,,1/18/19,Off Road Helmet,OHMT1021,OHMT1021,US00,MI00,,,SFTY,,,0,10,EA,EA,1,1,1,1,24,1,240,240,00/00/0000,0,,,,A,X,,0,0,0,0,0,,0,,,,,,,0,,,,,X,,X,,,,,0,00/00/0000,0,0,0,,,EA,,0,0,0,1/18/19,F,240,X,,,,,SAP,1,15,OZ,FL0000000,,,0,0,,,,,,,
140,4500000025,10,,,1/18/19,Off Road Helmet,OHMT1009,OHMT1009,US00,MI00,,,SFTY,5300000032,,0,10,EA,EA,1,1,1,1,24,1,240,240,00/00/0000,0,,,,C,X,,0,0,0,0,0,,0,,,,,X,,0,,,,,X,,X,,,,,0,00/00/0000,0,0,0,,,EA,,0,0,0,1/18/19,F,240,X,,,,,SAP,1,15,OZ,FL0000000,,,0,0,,,,,,,
140,4500000026,10,,,1/18/19,Off Road Helmet,OHMT1016,OHMT1016,US00,MI00,,,SFTY,5300000033,,0,10,EA,EA,1,1,1,1,24,1,240,240,00/00/0000,0,,,,C,X,,0,0,0,0,0,,0,,,,,X,,0,,,,,X,,X,,,,,0,00/00/0000,0,0,0,,,EA,,0,0,0,1/18/19,F,240,X,,,,,SAP,1,15,OZ,FL0000000,,,0,0,,,,,,,
140,4500000027,10,,,1/18/19,Off Road Helmet,OHMT1008,OHMT1008,US00,MI00,,,SFTY,5300000034,,0,10,EA,EA,1,1,1,1,24,1,240,240,00/00/0000,0,,,,C,X,,0,0,0,0,0,,0,,,,,X,,0,,,,,X,,X,,,,,0,00/00/0000,0,0,0,,,EA,,0,0,0,1/18/19,F,240,X,,,,,SAP,1,15,OZ,FL0000000,,,0,0,,,,,,,
140,4500000028,10,,,1/18/19,Off Road Helmet,OHMT1007,OHMT1007,US00,MI00,,,SFTY,5300000035,,0,10,EA,EA,1,1,1,1,24,1,240,240,00/00/0000,0,,,,C,X,,0,0,0,0,0,,0,,,,,X,,0,,,,,X,,X,,,,,0,00/00/0000,0,0,0,,,EA,,0,0,0,1/18/19,F,240,X,,,,,SAP,1,15,OZ,FL0000000,,,0,0,,,,,,,
140,4500000029,10,,,1/18/19,Off Road Helmet,OHMT1008,OHMT1008,US00,MI00,,,SFTY,5300000034,,0,10,EA,EA,1,1,1,1,24,1,240,240,00/00/0000,0,,,,C,X,,0,0,0,0,0,,0,,,,,,,0,,,,,X,,X,,,,,0,00/00/0000,0,0,0,,,EA,,0,0,0,1/18/19,F,240,X,,,,,SAP,1,15,OZ,FL0000000,,,0,0,,,,,,,
140,4500000030,10,,,1/18/19,Off Road Helmet,OHMT1021,OHMT1021,US00,MI00,,,SFTY,5300000036,,0,10,EA,EA,1,1,1,1,24,1,240,240,00/00/0000,0,,,,C,X,,0,0,0,0,0,,0,,,,,,,0,,,,,X,,X,,,,,0,00/00/0000,0,0,0,,,EA,,0,0,0,1/18/19,F,240,X,,,,,SAP,1,15,OZ,FL0000000,,,0,0,,,,,,,
140,4500000031,10,,,1/18/19,Off Road Helmet,OHMT1001,OHMT1001,US00,MI00,,,SFTY,5300000037,,0,500,EA,EA,1,1,1,1,25,1,"12,500.00","12,500.00",00/00/0000,0,,,,C,X,,0,0,0,0,0,,0,,,,,X,,0,,,,,X,,X,,,,,0,00/00/0000,0,0,0,,,EA,,0,0,0,1/18/19,F,"12,500.00",X,,,,,SAP,1,15,OZ,FL0000000,,,0,0,,,,,,,
140,4500000033,10,,,1/22/19,Off Road Helmet,OHMT1035,OHMT1035,US00,MI00,,,SFTY,5300000038,,0,500,EA,EA,1,1,1,1,25,1,"12,500.00","12,500.00",00/00/0000,0,,,,C,X,,0,0,0,0,0,,0,,,,,X,,0,,,,,X,,X,,,,,0,00/00/0000,0,0,0,,,EA,,0,0,0,1/22/19,F,"12,500.00",X,,,,,SAP,1,15,OZ,FL0000000,,,0,0,,,,,,,
140,4500000034,10,,,1/22/19,Off Road Helmet,OHMT1035,OHMT1035,US00,MI00,,,SFTY,5300000038,,0,500,EA,EA,1,1,1,1,25,1,"12,500.00","12,500.00",00/00/0000,0,,,,C,X,,0,0,0,0,0,,0,,,,,,,0,,,,,X,,X,,,,,0,00/00/0000,0,0,0,,,EA,,0,0,0,1/22/19,F,"12,500.00",X,,,,,SAP,1,15,OZ,FL0000000,,,0,0,,,,,,,
140,4500000035,10,,,1/23/19,Off Road Helmet,OHMT1039,OHMT1039,US00,MI00,,,SFTY,5300000039,,0,10,EA,EA,1,1,1,1,24,1,240,240,00/00/0000,0,,,,C,X,,0,0,0,0,0,,0,,,,,X,,0,,,,,X,,X,,,,,0,00/00/0000,0,0,0,,,EA,,0,0,0,1/23/19,F,240,X,,,,,SAP,1,15,OZ,FL0000000,,,0,0,,,,,,,
140,4500000036,10,,,1/23/19,Off road helmet,OHMT1035,OHMT1035,US00,MI00,,,SFTY,5300000038,,0,10,EA,EA,1,1,1,1,25,1,250,250,00/00/0000,0,,,,C,X,,0,0,0,0,0,,0,,,,,,,0,,,,,X,,X,,,,,0,00/00/0000,0,0,0,,,EA,,0,0,0,1/23/19,F,250,X,,,,,SAP,1,15,OZ,FL0000000,,,0,0,,,,,,,
140,4500000037,10,,,1/25/19,Off Road Tire,ORTR1000,ORTR1000,US00,DL00,,,RAW,5300000040,,0,200,EA,EA,1,1,1,1,10,1,"2,000.00","2,000.00",00/00/0000,0,,,,C,X,,0,0,0,0,0,,0,,,,,X,,0,,,,,X,,X,,,,,0,00/00/0000,0,0,0,,,EA,,0,0,0,1/25/19,F,"2,000.00",X,,,,,SAP,1,700,G,TX0000000,,,0,0,,,,,,,
140,4500000038,20,,,1/25/19,Off Road Tire,ORTR1000,ORTR1000,US00,DL00,,,RAW,5300000041,,0,200,EA,EA,1,1,1,1,10,1,"2,000.00","2,000.00",00/00/0000,0,,,,C,X,,0,0,0,0,0,,0,,,,,X,,0,,,,,X,,X,,,,,0,00/00/0000,0,0,0,,,EA,,0,0,0,1/25/19,F,"2,000.00",X,,,,,SAP,1,700,G,TX0000000,,,0,0,,,,,,,
140,4500000039,10,,,1/29/19,Off Road Tire,ORTR1039,ORTR1039,US00,DL00,,,RAW,5300000042,,0,200,EA,EA,1,1,1,1,10,1,"2,000.00","2,000.00",00/00/0000,0,,,,C,X,,0,0,0,0,0,,0,,,,,,,0,,,,,X,,X,,,,,0,00/00/0000,0,0,0,,,EA,,0,0,0,1/29/19,F,"2,000.00",X,,,,,SAP,1,700,G,TX0000000,,,0,0,,,,,,,
140,4500000040,10,,,1/31/19,Off Road Tire,ORTR1035,ORTR1035,US00,DL00,,,RAW,5300000043,,0,200,EA,EA,1,1,1,1,10,1,"2,000.00","2,000.00",00/00/0000,0,,,,C,X,,0,0,0,0,0,,0,,,,,X,,0,,,,,X,,X,,,,,0,00/00/0000,0,0,0,,,EA,,0,0,0,1/31/19,F,"2,000.00",X,,,,,SAP,1,700,G,TX0000000,,,0,0,,,,,,,
140,4500000041,10,,,00/00/0000,Off Road Tires,ORTR1105,ORTR1105,US00,DL00,,,RAW,,,0,200,EA,EA,1,1,1,1,10,0,0,0,00/00/0000,0,,,,A,,,0,0,0,0,0,,0,,,,,,,0,,,,,X,,X,,,,,0,00/00/0000,0,0,0,,,EA,,0,0,0,2/1/19,F,0,,,,,,SAP,1,700,G,TX0000000,,,0,0,,,,,,,
140,4500000042,10,,,2/1/19,Off Road Tires,ORTR1105,ORTR1105,US00,DL00,,,RAW,5300000044,,0,200,EA,EA,1,1,1,1,10,1,"2,000.00","2,000.00",00/00/0000,0,,,,C,X,,0,0,0,0,0,,0,,,,,X,,0,,,,,X,,X,,,,,0,00/00/0000,0,0,0,,,EA,,0,0,0,2/1/19,F,"2,000.00",X,,,,,SAP,1,700,G,TX0000000,,,0,0,,,,,,,
140,4500000043,10,,,2/2/19,Off Road Tire,ORTR1014,ORTR1014,US00,DL00,,,RAW,5300000045,,0,200,EA,EA,1,1,1,1,10,1,"2,000.00","2,000.00",00/00/0000,0,,,,C,X,,0,0,0,0,0,,0,,,,,X,,0,,,,,X,,X,,,,,0,00/00/0000,0,0,0,,,EA,,0,0,0,2/2/19,F,"2,000.00",X,,,,,SAP,1,700,G,TX0000000,,,0,0,,,,,,,
140,4500000044,10,,,2/3/19,Off Road Tire,ORTR1020,ORTR1020,US00,DL00,,,RAW,5300000046,,0,200,EA,EA,1,1,1,1,10,1,"2,000.00","2,000.00",00/00/0000,0,,,,C,X,,0,0,0,0,0,,0,,,,,,,0,,,,,X,,X,,,,,0,00/00/0000,0,0,0,,,EA,,0,0,0,2/3/19,F,"2,000.00",X,,,,,SAP,1,700,G,TX0000000,,,0,0,,,,,,,
140,4500000045,10,,,00/00/0000,Off Road Tire,ORTR1020,ORTR1020,US00,DL00,,,RAW,5300000046,,0,0,EA,EA,1,1,1,1,10,1,10,10,00/00/0000,0,,,,C,X,,0,0,0,0,0,,0,,,,,,,0,,,,,X,,X,,,,,0,00/00/0000,0,0,0,,,EA,,0,0,0,2/3/19,F,10,,,,,,SAP,1,700,G,TX0000000,,,0,0,,,,,,,
140,4500000046,10,,,2/3/19,Off Road Tire,ORTR1020,ORTR1020,US00,DL00,,,RAW,5300000046,,0,200,EA,EA,1,1,1,1,10,1,"2,000.00","2,000.00",00/00/0000,0,,,,C,X,,0,0,0,0,0,,0,,,,,X,,0,,,,,X,,X,,,,,0,00/00/0000,0,0,0,,,EA,,0,0,0,2/3/19,F,"2,000.00",X,,,,,SAP,1,700,G,TX0000000,,,0,0,,,,,,,
140,4500000047,10,,,2/3/19,Off Road Tire,ORTR1011,ORTR1011,US00,DL00,,,RAW,5300000047,,0,200,EA,EA,1,1,1,1,10,1,"2,000.00","2,000.00",00/00/0000,0,,,,C,X,,0,0,0,0,0,,0,,,,,X,,0,,,,,X,,X,,,,,0,00/00/0000,0,0,0,,,EA,,0,0,0,2/4/19,F,"2,000.00",X,,,,,SAP,1,700,G,TX0000000,,,0,0,,,,,,,
140,4500000048,10,,,2/4/19,Off Road Tire,ORTR1039,ORTR1039,US00,DL00,,,RAW,5300000042,,0,200,EA,EA,1,1,1,1,10,1,"2,000.00","2,000.00",00/00/0000,0,,,,C,X,,0,0,0,0,0,,0,,,,,X,,0,,,,,X,,X,,,,,0,00/00/0000,0,0,0,,,EA,,0,0,0,2/4/19,F,"2,000.00",X,,,,,SAP,1,700,G,TX0000000,,,0,0,,,,,,,
140,4500000049,10,,,2/4/19,Off Road Tire,ORTR1039,ORTR1039,US00,DL00,,,RAW,5300000042,,0,200,EA,EA,1,1,1,1,10,1,"2,000.00","2,000.00",00/00/0000,0,,,,C,X,,0,0,0,0,0,,0,,,,,X,,0,,,,,X,,X,,,,,0,00/00/0000,0,0,0,,,EA,,0,0,0,2/4/19,F,"2,000.00",X,,,,,SAP,1,700,G,TX0000000,,,0,0,,,,,,,
140,4500000050,10,,,00/00/0000,Off Road Tire,ORTR1111,ORTR1111,US00,DL00,,,RAW,,,0,200,EA,EA,1,1,1,1,10,0,0,0,00/00/0000,0,,,,A,,,0,0,0,0,0,,0,,,,,,,0,,,,,X,,X,,,,,0,00/00/0000,0,0,0,,,EA,,0,0,0,2/4/19,F,0,,,,,,SAP,1,700,G,TX0000000,,,0,0,,,,,,,
140,4500000051,10,,,00/00/0000,Off Road Tire,ORTR1111,ORTR1111,US00,DL00,,,RAW,,,0,0,EA,EA,1,1,1,1,10,0,0,0,00/00/0000,0,,,,A,,,0,0,0,0,0,,0,,,,,,,0,,,,,X,,X,,,,,0,00/00/0000,0,0,0,,,EA,,0,0,0,2/4/19,F,0,,,,,,SAP,1,700,G,TX0000000,,,0,0,,,,,,,
140,4500000052,10,,,2/4/19,Off Road Tire,ORTR1005,ORTR1005,US00,DL00,,,RAW,5300000048,,0,200,EA,EA,1,1,1,1,10,1,"2,000.00","2,000.00",00/00/0000,0,,,,C,X,,0,0,0,0,0,,0,,,,,X,,0,,,,,X,,X,,,,,0,00/00/0000,0,0,0,,,EA,,0,0,0,2/4/19,F,"2,000.00",X,,,,,SAP,1,700,G,TX0000000,,,0,0,,,,,,,
140,4500000053,10,,,2/4/19,Off Road Tire,ORTR1008,ORTR1008,US00,DL00,,,RAW,5300000049,,0,200,EA,EA,1,1,1,1,10,1,"2,000.00","2,000.00",00/00/0000,0,,,,C,X,,0,0,0,0,0,,0,,,,,X,,0,,,,,X,,X,,,,,0,00/00/0000,0,0,0,,,EA,,0,0,0,2/4/19,F,"2,000.00",X,,,,,SAP,1,700,G,TX0000000,,,0,0,,,,,,,
140,4500000054,10,,,2/4/19,Off Road Tire,ORTR1037,ORTR1037,US00,DL00,,,RAW,5300000050,,0,200,EA,EA,1,1,1,1,10,1,"2,000.00","2,000.00",00/00/0000,0,,,,C,X,,0,0,0,0,0,,0,,,,,X,,0,,,,,X,,X,,,,,0,00/00/0000,0,0,0,,,EA,,0,0,0,2/4/19,F,"2,000.00",X,,,,,SAP,1,700,G,TX0000000,,,0,0,,,,,,,
140,4500000055,10,,,2/4/19,Off Road Tire,ORTR1009,ORTR1009,US00,DL00,,,RAW,5300000051,,0,200,EA,EA,1,1,1,1,10,1,"2,000.00","2,000.00",00/00/0000,0,,,,C,X,,0,0,0,0,0,,0,,,,,X,,0,,,,,X,,X,,,,,0,00/00/0000,0,0,0,,,EA,,0,0,0,2/4/19,F,"2,000.00",X,,,,,SAP,1,700,G,TX0000000,,,0,0,,,,,,,
140,4500000056,10,,,2/4/19,Off Road Tire,ORTR1102,ORTR1102,US00,DL00,,,RAW,5300000052,,0,200,EA,EA,1,1,1,1,10,1,"2,000.00","2,000.00",00/00/0000,0,,,,C,X,,0,0,0,0,0,,0,,,,,X,,0,,,,,X,,X,,,,,0,00/00/0000,0,0,0,,,EA,,0,0,0,2/4/19,F,"2,000.00",X,,,,,SAP,1,700,G,TX0000000,,,0,0,,,,,,,
140,4500000057,10,,,2/4/19,Off Road Tire,ORTR1037,ORTR1037,US00,DL00,,,RAW,5300000053,,0,200,EA,EA,1,1,1,1,10,1,"2,000.00","2,000.00",00/00/0000,0,,,,C,X,,0,0,0,0,0,,0,,,,,X,,0,,,,,X,,X,,,,,0,00/00/0000,0,0,0,,,EA,,0,0,0,2/4/19,F,"2,000.00",X,,,,,SAP,1,700,G,TX0000000,,,0,0,,,,,,,
140,4500000058,10,,,2/4/19,Off Road Tire,ORTR1032,ORTR1032,US00,DL00,,,RAW,5300000054,,0,200,EA,EA,1,1,1,1,10,1,"2,000.00","2,000.00",00/00/0000,0,,,,C,X,,0,0,0,0,0,,0,,,,,X,,0,,,,,X,,X,,,,,0,00/00/0000,0,0,0,,,EA,,0,0,0,2/4/19,F,"2,000.00",X,,,,,SAP,1,700,G,TX0000000,,,0,0,,,,,,,
140,4500000059,10,,,00/00/0000,Off Road Tire,ORTR1111,ORTR1111,US00,DL00,,,RAW,,,0,200,EA,EA,1,1,1,1,10,0,0,0,00/00/0000,0,,,,A,,,0,0,0,0,0,,0,,,,,,,0,,,,,X,,X,,,,,0,00/00/0000,0,0,0,,,EA,,0,0,0,2/4/19,F,0,,,,,,SAP,1,700,G,TX0000000,,,0,0,,,,,,,
140,4500000060,10,,,00/00/0000,Off Road Tire,ORTR1111,ORTR1111,US00,DL00,,,RAW,,,0,200,EA,EA,1,1,1,1,10,0,0,0,00/00/0000,0,,,,A,,,0,0,0,0,0,,0,,,,,,,0,,,,,X,,X,,,,,0,00/00/0000,0,0,0,,,EA,,0,0,0,2/5/19,F,0,,,,,,SAP,1,700,G,TX0000000,,,0,0,,,,,,,
140,4500000061,10,,,2/5/19,Off Road Helmet,OHMT1040,OHMT1040,US00,MI00,,,SFTY,5300000023,,0,500,EA,EA,1,1,1,1,24,1,"12,000.00","12,000.00",00/00/0000,0,,,,C,X,,0,0,0,0,0,,0,,,,,,,0,,,,,X,,X,,,,,0,00/00/0000,0,0,0,,,EA,,0,0,0,2/5/19,F,"12,000.00",X,,,,,SAP,1,15,OZ,FL0000000,,,0,0,,,,,,,
140,4500000062,10,,,2/5/19,Off Road Tire,ORTR1040,ORTR1040,US00,DL00,,,RAW,5300000055,,0,200,EA,EA,1,1,1,1,10,1,"2,000.00","2,000.00",00/00/0000,0,,,,C,X,,0,0,0,0,0,,0,,,,,X,,0,,,,,X,,X,,,,,0,00/00/0000,0,0,0,,,EA,,0,0,0,2/5/19,F,"2,000.00",X,,,,,SAP,1,700,G,TX0000000,,,0,0,,,,,,,
140,4500000063,10,,,2/5/19,Off Road Tire,ORTR1111,ORTR1111,US00,DL00,,,RAW,5300000056,,0,200,EA,EA,1,1,1,1,10,1,"2,000.00","2,000.00",00/00/0000,0,,,,C,X,,0,0,0,0,0,,0,,,,,X,,0,,,,,X,,X,,,,,0,00/00/0000,0,0,0,,,EA,,0,0,0,2/5/19,F,"2,000.00",X,,,,,SAP,1,700,G,TX0000000,,,0,0,,,,,,,
140,4500000064,10,,,2/5/19,Off Road Tire,ORTR1019,ORTR1019,US00,DL00,,,RAW,5300000057,,0,200,EA,EA,1,1,1,1,10,1,"2,000.00","2,000.00",00/00/0000,0,,,,C,X,,0,0,0,0,0,,0,,,,,,,0,,,,,X,,X,,,,,0,00/00/0000,0,0,0,,,EA,,0,0,0,2/5/19,F,"2,000.00",X,,,,,SAP,1,700,G,TX0000000,,,0,0,,,,,,,
140,4500000065,10,,,2/5/19,Off Road Tire,ORTR1019,ORTR1019,US00,DL00,,,RAW,5300000057,,0,200,EA,EA,1,1,1,1,10,1,"2,000.00","2,000.00",00/00/0000,0,,,,C,X,,0,0,0,0,0,,0,,,,,,,0,,,,,X,,X,,,,,0,00/00/0000,0,0,0,,,EA,,0,0,0,2/5/19,F,"2,000.00",X,,,,,SAP,1,700,G,TX0000000,,,0,0,,,,,,,
140,4500000066,10,,,2/5/19,Off Road Tire,ORTR1019,ORTR1019,US00,DL00,,,RAW,5300000057,,0,200,EA,EA,1,1,1,1,10,1,"2,000.00","2,000.00",00/00/0000,0,,,,C,X,,0,0,0,0,0,,0,,,,,X,,0,,,,,X,,X,,,,,0,00/00/0000,0,0,0,,,EA,,0,0,0,2/5/19,F,"2,000.00",X,,,,,SAP,1,700,G,TX0000000,,,0,0,,,,,,,
140,4500000067,10,,,00/00/0000,Off Road Tire,ORTR1025,ORTR1025,US00,DL00,,,RAW,,,0,200,EA,EA,1,1,1,1,10,0,0,0,00/00/0000,0,,,,A,,,0,0,0,0,0,,0,,,,,,,0,,,,,X,,X,,,,,0,00/00/0000,0,0,0,,,EA,,0,0,0,2/5/19,F,0,,,,,,SAP,1,700,G,TX0000000,,,0,0,,,,,,,
140,4500000068,10,,,2/5/19,Off Road Tire,ORTR1017,ORTR1017,US00,DL00,,,RAW,5300000058,,0,200,EA,EA,1,1,1,1,10,1,"2,000.00","2,000.00",00/00/0000,0,,,,C,X,,0,0,0,0,0,,0,,,,,X,,0,,,,,X,,X,,,,,0,00/00/0000,0,0,0,,,EA,,0,0,0,2/5/19,F,"2,000.00",X,,,,,SAP,1,700,G,TX0000000,,,0,0,,,,,,,
140,4500000069,10,,,2/5/19,Off Road Tire,ORTR1025,ORTR1025,US00,DL00,,,RAW,5300000059,,0,200,EA,EA,1,1,1,1,10,1,"2,000.00","2,000.00",00/00/0000,0,,,,C,X,,0,0,0,0,0,,0,,,,,X,,0,,,,,X,,X,,,,,0,00/00/0000,0,0,0,,,EA,,0,0,0,2/5/19,F,"2,000.00",X,,,,,SAP,1,700,G,TX0000000,,,0,0,,,,,,,
140,4500000070,20,,,00/00/0000,Off Road Tire,ORTR1023,ORTR1023,US00,DL00,,,RAW,,,0,200,EA,EA,1,1,1,1,10,0,0,0,00/00/0000,0,,,,A,,,0,0,0,0,0,,0,,,,,,,0,,,,,X,,X,,,,,0,00/00/0000,0,0,0,,,EA,,0,0,0,2/5/19,F,0,,,,,,SAP,1,700,G,TX0000000,,,0,0,,,,,,,
140,4500000071,10,,,2/5/19,Off Road Tire,ORTR1023,ORTR1023,US00,DL00,,,RAW,5300000060,,0,200,EA,EA,1,1,1,1,10,1,"2,000.00","2,000.00",00/00/0000,0,,,,C,X,,0,0,0,0,0,,0,,,,,,,0,,,,,X,,X,,,,,0,00/00/0000,0,0,0,,,EA,,0,0,0,2/5/19,F,"2,000.00",X,,,,,SAP,1,700,G,TX0000000,,,0,0,,,,,,,
140,4500000072,10,,,2/5/19,Off Road Tire,ORTR1023,ORTR1023,US00,DL00,,,RAW,5300000060,,0,200,EA,EA,1,1,1,1,10,1,"2,000.00","2,000.00",00/00/0000,0,,,,C,X,,0,0,0,0,0,,0,,,,,X,,0,,,,,X,,X,,,,,0,00/00/0000,0,0,0,,,EA,,0,0,0,2/5/19,F,"2,000.00",X,,,,,SAP,1,700,G,TX0000000,,,0,0,,,,,,,
140,4500000073,10,,,2/5/19,Off Road Tire,ORTR1036,ORTR1036,US00,DL00,,,RAW,5300000061,,0,200,EA,EA,1,1,1,1,10,1,"2,000.00","2,000.00",00/00/0000,0,,,,C,X,,0,0,0,0,0,,0,,,,,X,,0,,,,,X,,X,,,,,0,00/00/0000,0,0,0,,,EA,,0,0,0,2/5/19,F,"2,000.00",X,,,,,SAP,1,700,G,TX0000000,,,0,0,,,,,,,
140,4500000074,10,,,2/5/19,Off Road Tire,ORTR1026,ORTR1026,US00,DL00,,,RAW,5300000062,,0,200,EA,EA,1,1,1,1,10,1,"2,000.00","2,000.00",00/00/0000,0,,,,C,X,,0,0,0,0,0,,0,,,,,X,,0,,,,,X,,X,,,,,0,00/00/0000,0,0,0,,,EA,,0,0,0,2/5/19,F,"2,000.00",X,,,,,SAP,1,700,G,TX0000000,,,0,0,,,,,,,
140,4500000075,10,,,2/5/19,Off Road Tire,ORTR1033,ORTR1033,US00,DL00,,,RAW,5300000063,,0,200,EA,EA,1,1,1,1,10,1,"2,000.00","2,000.00",00/00/0000,0,,,,C,X,,0,0,0,0,0,,0,,,,,X,,0,,,,,X,,X,,,,,0,00/00/0000,0,0,0,,,EA,,0,0,0,2/5/19,F,"2,000.00",X,,,,,SAP,1,700,G,TX0000000,,,0,0,,,,,,,
140,4500000076,20,,,2/5/19,Off Road Tire,ORTR1028,ORTR1028,US00,DL00,,,RAW,5300000064,,0,200,EA,EA,1,1,1,1,10,1,"2,000.00","2,000.00",00/00/0000,0,,,,C,X,,0,0,0,0,0,,0,,,,,X,,0,,,,,X,,X,,,,,0,00/00/0000,0,0,0,,,EA,,0,0,0,2/5/19,F,"2,000.00",X,,,,,SAP,1,700,G,TX0000000,,,0,0,,,,,,,
140,4500000077,10,,,2/5/19,Off-Road-Tire,ORTR1004,ORTR1004,US00,DL00,,,RAW,5300000065,,0,200,EA,EA,1,1,1,1,10,1,"2,000.00","2,000.00",00/00/0000,0,,,,C,X,,0,0,0,0,0,,0,,,,,X,,0,,,,,X,,X,,,,,0,00/00/0000,0,0,0,,,EA,,0,0,0,2/6/19,F,"2,000.00",X,,,,,SAP,1,700,G,TX0000000,,,0,0,,,,,,,
140,4500000078,10,,,2/6/19,Off Road Tire,ORTR1102,ORTR1102,US00,DL00,,,RAW,5300000072,,0,200,EA,EA,1,1,1,1,10,1,"2,000.00","2,000.00",00/00/0000,0,,,,C,X,,0,0,0,0,0,,0,,,,,X,,0,,,,,X,,X,,,,,0,00/00/0000,0,0,0,,,EA,,0,0,0,2/6/19,F,"2,000.00",X,,,,,SAP,1,700,G,TX0000000,,,0,0,,,,,,,
140,4500000079,10,,,2/6/19,Plane Paper,PLANE PAPER 000,PLANE PAPER 000,US00,DL00,,,RAW,5300000066,,0,"1,000.00",EA,EA,1,1,1,1,0.05,1,50,50,00/00/0000,1,,,,C,X,,0,0,0,0,0,,0,,,,,X,,0,,,,,X,,X,,,,,0,00/00/0000,0,0,0,,,EA,,0,0,0,2/6/19,F,50,X,,,,,SAP,0,0,OZ,TX0000000,,,0,0,,,,,,,
140,4500000080,10,,,2/6/19,Flugzeug Papier,PLANE PAPER 000,PLANE PAPER 000,DE00,HD00,,,RAW,5300000067,,0,"1,000.00",EA,EA,1,1,1,1,0.03,1,30,30,00/00/0000,0,,,,C,X,,0,0,0,0,0,,0,,,,,X,,0,,,,,X,,X,,,,,0,00/00/0000,0,0,0,,,EA,,0,0,0,2/6/19,F,30,X,,,,,SAP,0,0,OZ,,,,0,0,,,,,,,
140,4500000081,10,,,2/6/19,Off Road Tire,ORTR1007,ORTR1007,US00,DL00,,,RAW,5300000068,,0,200,EA,EA,1,1,1,1,10,1,"2,000.00","2,000.00",00/00/0000,0,,,,C,X,,0,0,0,0,0,,0,,,,,X,,0,,,,,X,,X,,,,,0,00/00/0000,0,0,0,,,EA,,0,0,0,2/6/19,F,"2,000.00",X,,,,,SAP,1,700,G,TX0000000,,,0,0,,,,,,,
140,4500000082,10,,,2/6/19,Paper for Planes,PLANE PAPER 100,PLANE PAPER 100,US00,DL00,,,RAW,5300000069,,0,"1,000.00",EA,EA,1,1,1,1,10,1,"10,000.00","10,000.00",00/00/0000,0,,,,C,X,,0,0,0,0,0,,0,,,,,X,,0,,,,,X,,X,,,,,0,00/00/0000,0,0,0,,,EA,,0,0,0,2/6/19,F,"10,000.00",X,,,,,SAP,0,0,OZ,TX0000000,,,0,0,,,,,,,
140,4500000083,10,,,2/6/19,Paper for Planes,PLANE PAPER 100,PLANE PAPER 100,US00,DL00,,,RAW,5300000069,,0,"20,000.00",EA,EA,1,1,1,1,10,1,"200,000.00","200,000.00",00/00/0000,0,,,,C,X,,0,0,0,0,0,,0,,,,,X,,0,,,,,X,,X,,,,,0,00/00/0000,0,0,0,,,EA,,0,0,0,2/6/19,F,"200,000.00",X,,,,,SAP,0,0,LB,TX0000000,,,0,0,,,,,,,
140,4500000084,10,,,2/6/19,Papier fuer Flugzeuge,PLANE PAPER 100,PLANE PAPER 100,DE00,HD00,,,RAW,5300000070,,0,5,PAL,PAL,1,1,10000,1,8,1,40,40,00/00/0000,0,,,,C,X,,0,0,0,0,0,,0,,,,,X,,0,,,,,X,,X,,,,,0,00/00/0000,0,0,0,,,EA,,0,0,0,2/6/19,F,40,X,,,,,SAP,0,0,LB,,,,0,0,,,,,,,
140,4500000085,10,,,2/6/19,Off Road Helmet,OHMT1022,OHMT1022,US00,MI00,,,SFTY,5300000071,,0,10,EA,EA,1,1,1,1,24,1,240,240,00/00/0000,0,,,,C,X,,0,0,0,0,0,,0,,,,,X,,0,,,,,X,,X,,,,,0,00/00/0000,0,0,0,,,EA,,0,0,0,2/6/19,F,240,X,,,,,SAP,1,15,OZ,FL0000000,,,0,0,,,,,,,
140,4500000086,10,,,2/6/19,Off Road Tire,ORTR1021,ORTR1021,US00,DL00,,,RAW,5300000073,,0,200,EA,EA,1,1,1,1,10,1,"2,000.00","2,000.00",00/00/0000,0,,,,C,X,,0,0,0,0,0,,0,,,,,X,,0,,,,,X,,X,,,,,0,00/00/0000,0,0,0,,,EA,,0,0,0,2/6/19,F,"2,000.00",X,,,,,SAP,1,700,G,TX0000000,,,0,0,,,,,,,
140,4500000087,10,,,2/6/19,Off Road Tire,ORTR1031,ORTR1031,US00,DL00,,,RAW,5300000074,,0,200,EA,EA,1,1,1,1,10,1,"2,000.00","2,000.00",00/00/0000,0,,,,C,X,,0,0,0,0,0,,0,,,,,X,,0,,,,,X,,X,,,,,0,00/00/0000,0,0,0,,,EA,,0,0,0,2/6/19,F,"2,000.00",X,,,,,SAP,1,700,G,TX0000000,,,0,0,,,,,,,
140,4500000088,10,,,2/6/19,Off Road Tire,ORTR1030,ORTR1030,US00,DL00,,,RAW,5300000075,,0,200,EA,EA,1,1,1,1,10,1,"2,000.00","2,000.00",00/00/0000,0,,,,C,X,,0,0,0,0,0,,0,,,,,X,,0,,,,,X,,X,,,,,0,00/00/0000,0,0,0,,,EA,,0,0,0,2/6/19,F,"2,000.00",X,,,,,SAP,1,700,G,TX0000000,,,0,0,,,,,,,
140,4500000089,10,,,2/6/19,Paper for Planes,PAPER PLANE 006,PAPER PLANE 006,US00,DL00,,,RAW,5300000076,,0,10,PAL,PAL,1,1,100,1,10,1,100,100,00/00/0000,0,,,,C,X,,0,0,0,0,0,,0,,,,,X,,0,,,,,X,,X,,,,,0,00/00/0000,0,0,0,,,PAK,,0,0,0,2/6/19,F,100,X,,,,,SAP,0,0,,TX0000000,,,0,0,,,,,,,
140,4500000090,10,,,2/6/19,Off Road Tire,ORTR1024,ORTR1024,US00,DL00,,,RAW,5300000077,,0,200,EA,EA,1,1,1,1,10,1,"2,000.00","2,000.00",00/00/0000,0,,,,C,X,,0,0,0,0,0,,0,,,,,X,,0,,,,,X,,X,,,,,0,00/00/0000,0,0,0,,,EA,,0,0,0,2/6/19,F,"2,000.00",X,,,,,SAP,1,700,G,TX0000000,,,0,0,,,,,,,
140,4500000091,10,,,2/6/19,Off Road Tire,ORTR1037,ORTR1037,US00,DL00,,,RAW,5300000078,,0,200,EA,EA,1,1,1,1,10,1,"2,000.00","2,000.00",00/00/0000,0,,,,C,X,,0,0,0,0,0,,0,,,,,X,,0,,,,,X,,X,,,,,0,00/00/0000,0,0,0,,,EA,,0,0,0,1/25/19,F,"2,000.00",X,,,,,SAP,1,700,G,TX0000000,,,0,0,,,,,,,
140,4500000092,10,,,00/00/0000,Off Road Tire,ORTR1016,ORTR1016,US00,DL00,,,RAW,,,0,200,EA,EA,1,1,1,1,10,0,0,0,00/00/0000,0,,,,A,,,0,0,0,0,0,,0,,,,,,,0,,,,,X,,X,,,,,0,00/00/0000,0,0,0,,,EA,,0,0,0,2/6/19,F,0,,,,,,SAP,1,700,G,TX0000000,,,0,0,,,,,,,
140,4500000093,10,,,00/00/0000,Off Road Tire,ORTR1016,ORTR1016,US00,DL00,,,RAW,,,0,0,EA,EA,1,1,1,1,0,0,0,0,00/00/0000,0,,,,A,,,0,0,0,0,0,,0,,,,,,,0,,,,,X,,X,,,,,0,00/00/0000,0,0,0,,,EA,,0,0,0,2/6/19,F,0,,,,,,SAP,1,700,G,TX0000000,,,0,0,,,,,,,
140,4500000094,10,,,2/6/19,Off Road Tire,ORTR1016,ORTR1016,US00,DL00,,,RAW,5300000079,,0,200,EA,EA,1,1,1,1,10,1,"2,000.00","2,000.00",00/00/0000,0,,,,C,X,,0,0,0,0,0,,0,,,,,X,,0,,,,,X,,X,,,,,0,00/00/0000,0,0,0,,,EA,,0,0,0,2/6/19,F,"2,000.00",X,,,,,SAP,1,700,G,TX0000000,,,0,0,,,,,,,
140,4500000095,10,,,00/00/0000,Off Road Tire,ORTR1022,ORTR1022,US00,DL00,,,RAW,,,0,200,EA,EA,1,1,1,1,0,0,0,0,00/00/0000,0,,,,A,,,0,0,0,0,0,,0,,,,,,,0,,,,,X,,X,,,,,0,00/00/0000,0,0,0,,,EA,,0,0,0,2/6/19,F,0,,,,,,SAP,1,700,G,TX0000000,,,0,0,,,,,,,
140,4500000096,10,,,2/6/19,Off Road Tire,ORTR1027,ORTR1027,US00,DL00,,,RAW,5300000080,,0,200,EA,EA,1,1,1,1,10,1,"2,000.00","2,000.00",00/00/0000,0,,,,C,X,,0,0,0,0,0,,0,,,,,X,,0,,,,,X,,X,,,,,0,00/00/0000,0,0,0,,,EA,,0,0,0,2/6/19,F,"2,000.00",X,,,,,SAP,1,700,G,TX0000000,,,0,0,,,,,,,
140,4500000097,10,,,2/6/19,Off Road Tire,ORTR1022,ORTR1022,US00,DL00,,,RAW,5300000081,,0,200,EA,EA,1,1,1,1,10,1,"2,000.00","2,000.00",00/00/0000,0,,,,C,X,,0,0,0,0,0,,0,,,,,X,,0,,,,,X,,X,,,,,0,00/00/0000,0,0,0,,,EA,,0,0,0,2/6/19,F,"2,000.00",X,,,,,SAP,1,700,G,TX0000000,,,0,0,,,,,,,
140,4500000098,10,,,00/00/0000,Off Road Tire,ORTR1013,ORTR1013,US00,DL00,,,RAW,,,0,200,EA,EA,1,1,1,1,10,0,0,0,00/00/0000,0,,,,A,,,0,0,0,0,0,,0,,,,,,,0,,,,,X,,X,,,,,0,00/00/0000,0,0,0,,,EA,,0,0,0,2/7/19,F,0,X,,,,,SAP,1,700,G,TX0000000,,,0,0,,,,,,,
140,4500000098,20,,,00/00/0000,Off Road Tire,ORTR1013,ORTR1013,US00,DL00,,,RAW,,,0,0,EA,EA,1,1,1,1,10,0,0,0,00/00/0000,0,,,,A,,,0,0,0,0,0,,0,,,,,,,0,,,,,X,,X,,,,,0,00/00/0000,0,0,0,,,EA,,0,0,0,2/7/19,F,0,,,,,,SAP,1,700,G,TX0000000,,,0,0,,,,,,,
140,4500000099,10,,,2/6/19,Off Road Tire,ORTR1013,ORTR1013,US00,DL00,,,RAW,5300000082,,0,200,EA,EA,1,1,1,1,10,1,"2,000.00","2,000.00",00/00/0000,0,,,,C,X,,0,0,0,0,0,,0,,,,,,,0,,,,,X,,X,,,,,0,00/00/0000,0,0,0,,,EA,,0,0,0,2/7/19,F,"2,000.00",X,,,,,SAP,1,700,G,TX0000000,,,0,0,,,,,,,
140,4500000100,10,,,00/00/0000,Off Road Tire,ORTR1012,ORTR1012,US00,DL00,,,RAW,,,0,200,EA,EA,1,10,1,1,0,0,0,0,00/00/0000,0,,,,A,X,,0,0,0,0,0,,0,,,,,,,0,,,,,X,,X,,,,,0,00/00/0000,0,0,0,,,EA,,0,0,0,2/7/19,F,0,,,,,,SAP,1,700,G,TX0000000,,,0,0,,,,,,,
140,4500000101,10,,,2/6/19,Off Road Tire,ORTR1013,ORTR1013,US00,DL00,,,RAW,5300000082,,0,200,EA,EA,1,1,1,1,10,1,"2,000.00","2,000.00",00/00/0000,0,,,,C,X,,0,0,0,0,0,,0,,,,,X,,0,,,,,X,,X,,,,,0,00/00/0000,0,0,0,,,EA,,0,0,0,2/7/19,F,"2,000.00",X,,,,,SAP,1,700,G,TX0000000,,,0,0,,,,,,,
140,4500000102,10,,,2/6/19,Off Road Tire,ORTR1012,ORTR1012,US00,DL00,,,RAW,5300000083,,0,200,EA,EA,1,1,1,1,10,1,"2,000.00","2,000.00",00/00/0000,0,,,,C,X,,0,0,0,0,0,,0,,,,,X,,0,,,,,X,,X,,,,,0,00/00/0000,0,0,0,,,EA,,0,0,0,2/7/19,F,"2,000.00",X,,,,,SAP,1,700,G,TX0000000,,,0,0,,,,,,,
140,4500000103,10,,,2/6/19,Off Road Tire,ORTR1028,ORTR1028,US00,DL00,,,RAW,5300000064,,0,200,EA,EA,1,1,1,1,10,1,"2,000.00","2,000.00",00/00/0000,0,,,,C,X,,0,0,0,0,0,,0,,,,,X,,0,,,,,X,,X,,,,,0,00/00/0000,0,0,0,,,EA,,0,0,0,2/7/19,F,"2,000.00",X,,,,,SAP,1,700,G,TX0000000,,,0,0,,,,,,,
140,4500000104,10,,,2/6/19,Off Road Tire,ORTR1028,ORTR1028,US00,DL00,,,RAW,5300000064,,0,200,EA,EA,1,1,1,1,10,1,"2,000.00","2,000.00",00/00/0000,0,,,,C,X,,0,0,0,0,0,,0,,,,,,,0,,,,,X,,X,,,,,0,00/00/0000,0,0,0,,,EA,,0,0,0,2/7/19,F,"2,000.00",X,,,,,SAP,1,700,G,TX0000000,,,0,0,,,,,,,
140,4500000105,10,,,2/6/19,Off Road Tire,ORTR1029,ORTR1029,US00,DL00,,,RAW,5300000084,,0,200,EA,EA,1,1,1,1,10,1,"2,000.00","2,000.00",00/00/0000,0,,,,C,X,,0,0,0,0,0,,0,,,,,X,,0,,,,,X,,X,,,,,0,00/00/0000,0,0,0,,,EA,,0,0,0,2/7/19,F,"2,000.00",X,,,,,SAP,1,700,G,TX0000000,,,0,0,,,,,,,
140,4500000106,10,,,2/7/19,Paper for Planes,PLANE PAPER 008,PLANE PAPER 008,US00,DL00,,,RAW,5300000085,,0,0.1,PAL,PAL,1,1,100,1,100,10,1,1,00/00/0000,0,,,,C,X,,0,0,0,0,0,,0,,,,,X,,0,,,,,X,,X,,,,,0,00/00/0000,0,0,0,,,EA,,0,0,0,2/7/19,F,1,X,,,,,SAP,0,0,LB,TX0000000,,,0,0,,,,,,,
140,4500000107,10,,,2/8/19,Paper for Planes,PLANE PAPER 040,PLANE PAPER 040,US00,DL00,,,RAW,5300000086,,0,10,PAL,EA,100,1,100,1,10,1,"10,000.00","10,000.00",00/00/0000,0,,,,C,X,,0,0,0,0,0,,0,,,,,X,,0,,,,,X,,X,,,,,0,00/00/0000,0,0,0,,,EA,,0,0,0,2/8/19,F,"10,000.00",X,,,,,SAP,0,0,LB,TX0000000,,,0,0,,,,,,,
140,4500000108,10,,,00/00/0000,Paper plane,PAPER PLANE 006,PAPER PLANE 006,DE00,HD00,,,RAW,,,0,5,PAL,PAL,1,1,100,1,8,1,40,40,00/00/0000,0,,,,A,X,,0,0,0,0,0,,0,,,,,,,0,,,,,X,,X,,,,,0,00/00/0000,0,0,0,,,PAK,,0,0,0,2/8/19,F,40,X,,,,,SAP,0,0,,,,,0,0,,,,,,,
140,4500000109,10,,,00/00/0000,Paper plane,PAPER PLANE 006,PAPER PLANE 006,DE00,HD00,,,RAW,,,0,5,PAL,PAL,1,1,100,1,8,1,40,40,00/00/0000,0,,,,A,X,,0,0,0,0,0,,0,,,,,,,0,,,,,X,,X,,,,,0,00/00/0000,0,0,0,,,PAK,,0,0,0,2/8/19,F,40,X,,,,,SAP,0,0,,,,,0,0,,,,,,,
140,4500000110,10,,,2/8/19,Papier fuer Flugzeuge,PAPER PLANE 006,PAPER PLANE 006,DE00,HD00,,,RAW,5300000087,,0,0.05,PAL,PAL,1,1,100,1,8,1,0.4,0.4,00/00/0000,0,,,,C,X,,0,0,0,0,0,,0,,,,,X,,0,,,,,X,,X,,,,,0,00/00/0000,0,0,0,,,PAK,,0,0,0,2/8/19,F,0.4,X,,,,,SAP,0,0,,,,,0,0,,,,,,,
140,4500000111,10,,,2/8/19,Paper for Planes,PLANE PAPER 024,PLANE PAPER 024,US00,DL00,,,RAW,5300000088,,0,0.1,PAL,PAL,1,1,100,1,10,1,1,1,00/00/0000,0,,,,C,X,,0,0,0,0,0,,0,,,,,X,,0,,,,,X,,X,,,,,0,00/00/0000,0,0,0,,,EA,,0,0,0,2/8/19,F,1,X,,,,,SAP,0,0,LB,TX0000000,,,0,0,,,,,,,
140,4500000112,10,,,2/8/19,Paper for Planes,PLANE PAPER 021,PLANE PAPER 021,US00,DL00,,,RAW,5300000089,,0,10,PAL,PAL,1,1,100,1,10,1,100,100,00/00/0000,0,,,,C,X,,0,0,0,0,0,,0,,,,,X,,0,,,,,X,,X,,,,,0,00/00/0000,0,0,0,,,EA,,0,0,0,2/8/19,F,100,X,,,,,SAP,0,0,LB,TX0000000,,,0,0,,,,,,,
140,4500000113,10,,,2/8/19,Papier fuer Flugzeuge,PLANE PAPER 008,PLANE PAPER 008,DE00,HD00,,,RAW,5300000090,,0,5,PAL,PAL,1,1,100,1,40,1,200,200,00/00/0000,0,,,,C,X,,0,0,0,0,0,,0,,,,,X,,0,,,,,X,,X,,,,,0,00/00/0000,0,0,0,,,EA,,0,0,0,2/8/19,F,200,X,,,,,SAP,0,0,LB,,,,0,0,,,,,,,
140,4500000114,10,,,2/8/19,Paper for Planes,PLANE PAPER 014,PLANE PAPER 014,US00,DL00,,,RAW,5300000091,,0,10,PAL,PAL,1,1,100,1,10,1,100,100,00/00/0000,0,,,,C,X,,0,0,0,0,0,,0,,,,,X,,0,,,,,X,,X,,,,,0,00/00/0000,0,0,0,,,EA,,0,0,0,2/8/19,F,100,X,,,,,SAP,0,0,LB,TX0000000,,,0,0,,,,,,,
140,4500000115,10,,,2/8/19,Papier fuer Flugzeuge,PLANE PAPER 040,PLANE PAPER 040,DE00,HD00,,,RAW,5300000092,,0,5,PAL,EA,100,1,100,1,8,1,"4,000.00","4,000.00",00/00/0000,0,,,,C,X,,0,0,0,0,0,,0,,,,,X,,0,,,,,X,,X,,,,,0,00/00/0000,0,0,0,,,EA,,0,0,0,2/8/19,F,"4,000.00",X,,,,,SAP,0,0,LB,,,,0,0,,,,,,,
140,4500000116,10,,,2/8/19,Paper for Planes,PAPER PLANE 035,PAPER PLANE 035,US00,DL00,,,RAW,5300000093,,0,10,PAL,PAL,1,1,100,1,10,1,100,100,00/00/0000,0,,,,C,X,,0,0,0,0,0,,0,,,,,X,,0,,,,,X,,X,,,,,0,00/00/0000,0,0,0,,,EA,,0,0,0,2/8/19,F,100,X,,,,,SAP,0,0,LB,TX0000000,,,0,0,,,,,,,
140,4500000117,10,,,2/8/19,Paper for Planes,PLANE PAPER 027,PLANE PAPER 027,US00,DL00,,,RAW,5300000094,,0,10,PAL,PAL,1,1,100,1,10,1,100,100,00/00/0000,0,,,,C,X,,0,0,0,0,0,,0,,,,,X,,0,,,,,X,,X,,,,,0,00/00/0000,0,0,0,,,EA,,0,0,0,2/8/19,F,100,X,,,,,SAP,0,0,LB,TX0000000,,,0,0,,,,,,,
140,4500000118,10,,,2/8/19,Paper for Planes,PLANE PAPER 039,PLANE PAPER 039,US00,DL00,,,RAW,5300000095,,0,10,PAL,PAL,1,1,100,1,10,1,100,100,00/00/0000,0,,,,C,X,,0,0,0,0,0,,0,,,,,X,,0,,,,,X,,X,,,,,0,00/00/0000,0,0,0,,,EA,,0,0,0,2/8/19,F,100,X,,,,,SAP,0,0,LB,TX0000000,,,0,0,,,,,,,
140,4500000119,10,,,2/8/19,Paper for Planes,PAPER PLANE 013,PAPER PLANE 013,US00,DL00,,,RAW,5300000096,,0,10,PAL,PAL,1,1,100,1,10,1,100,100,00/00/0000,0,,,,C,X,,0,0,0,0,0,,0,,,,,X,,0,,,,,X,,X,,,,,0,00/00/0000,0,0,0,,,EA,,0,0,0,2/8/19,F,100,X,,,,,SAP,0,0,,TX0000000,,,0,0,,,,,,,
140,4500000120,10,,,2/8/19,Paper for Planes,PLANE PAPER 022,PLANE PAPER 022,US00,DL00,,,RAW,5300000097,,0,10,PAL,PAL,1,1,100,1,10,1,100,100,00/00/0000,0,,,,C,X,,0,0,0,0,0,,0,,,,,X,,0,,,,,X,,X,,,,,0,00/00/0000,0,0,0,,,EA,,0,0,0,2/8/19,F,100,X,,,,,SAP,0,0,LB,TX0000000,,,0,0,,,,,,,
140,4500000121,10,,,2/8/19,Papier fuer Flugzeuge,PLANE PAPER 021,PLANE PAPER 021,DE00,HD00,,,RAW,5300000098,,0,5,PAL,PAL,1,1,100,1,8,1,40,40,00/00/0000,0,,,,C,X,,0,0,0,0,0,,0,,,,,X,,0,,,,,X,,X,,,,,0,00/00/0000,0,0,0,,,EA,,0,0,0,2/8/19,F,40,X,,,,,SAP,0,0,LB,,,,0,0,,,,,,,
140,4500000122,10,,,2/8/19,Papier fuer Flugzeuge,PAPER PLANE 035,PAPER PLANE 035,DE00,HD00,,,RAW,5300000099,,0,5,PAL,PAL,1,1,100,1,8,1,40,40,00/00/0000,0,,,,C,X,,0,0,0,0,0,,0,,,,,X,,0,,,,,X,,X,,,,,0,00/00/0000,0,0,0,,,EA,,0,0,0,2/8/19,F,40,X,,,,,SAP,0,0,LB,,,,0,0,,,,,,,
140,4500000123,10,,,2/8/19,Papier fuer Flugzeuge,PLANE PAPER 039,PLANE PAPER 039,DE00,HD00,,,RAW,5300000100,,0,5,PAL,PAL,1,1,100,1,8,1,40,40,00/00/0000,0,,,,C,X,,0,0,0,0,0,,0,,,,,X,,0,,,,,X,,X,,,,,0,00/00/0000,0,0,0,,,EA,,0,0,0,2/8/19,F,40,X,,,,,SAP,0,0,LB,,,,0,0,,,,,,,
140,4500000124,10,,,2/8/19,Papier fuer Flugzeuge,PLANE PAPER 027,PLANE PAPER 027,DE00,HD00,,,RAW,5300000101,,0,5,PAL,PAL,1,1,100,1,8,1,40,40,00/00/0000,0,,,,C,X,,0,0,0,0,0,,0,,,,,X,,0,,,,,X,,X,,,,,0,00/00/0000,0,0,0,,,EA,,0,0,0,2/8/19,F,40,X,,,,,SAP,0,0,LB,,,,0,0,,,,,,,
140,4500000125,10,,,2/8/19,Papier fuer Flugzeuge,PLANE PAPER 022,PLANE PAPER 022,DE00,HD00,,,RAW,5300000102,,0,5,PAL,PAL,1,1,100,1,8,1,40,40,00/00/0000,0,,,,C,X,,0,0,0,0,0,,0,,,,,X,,0,,,,,X,,X,,,,,0,00/00/0000,0,0,0,,,EA,,0,0,0,2/8/19,F,40,X,,,,,SAP,0,0,LB,,,,0,0,,,,,,,
140,4500000126,10,,,2/8/19,Paper for Planes,PAPER PLANE 018,PAPER PLANE 018,US00,DL00,,,RAW,,,0,2,PAL,PAL,1,1,100,1,10,1,20,20,00/00/0000,0,,,,A,X,,0,0,0,0,0,,0,,,,,,,0,,,,,X,,X,,,,,0,00/00/0000,0,0,0,,,EA,,0,0,0,2/8/19,F,20,X,,,,,SAP,0,0,,TX0000000,,,0,0,,,,,,,
140,4500000127,10,,,2/8/19,Paper for Planes,PAPER PLANE 018,PAPER PLANE 018,US00,DL00,,,RAW,5300000103,,0,10,PAL,PAL,1,1,100,1,10,1,100,100,00/00/0000,0,,,,C,X,,0,0,0,0,0,,0,,,,,X,,0,,,,,X,,X,,,,,0,00/00/0000,0,0,0,,,EA,,0,0,0,2/8/19,F,100,X,,,,,SAP,0,0,,TX0000000,,,0,0,,,,,,,
140,4500000128,10,,,2/8/19,Paper for Planes,PLANE PAPER 019,PLANE PAPER 019,US00,DL00,,,RAW,5300000104,,0,10,PAL,PAL,1,1,100,1,10,1,100,100,00/00/0000,0,,,,C,X,,0,0,0,0,0,,0,,,,,X,,0,,,,,X,,X,,,,,0,00/00/0000,0,0,0,,,EA,,0,0,0,2/8/19,F,100,X,,,,,SAP,0,0,LB,TX0000000,,,0,0,,,,,,,
140,4500000129,10,,,2/8/19,Paper for Planes,PLANE PAPER 037,PLANE PAPER 037,US00,DL00,,,RAW,5300000105,,0,10,PAL,PAL,1,1,100,1,10,1,100,100,00/00/0000,0,,,,C,X,,0,0,0,0,0,,0,,,,,X,,0,,,,,X,,X,,,,,0,00/00/0000,0,0,0,,,EA,,0,0,0,2/8/19,F,100,X,,,,,SAP,0,0,LB,TX0000000,,,0,0,,,,,,,
140,4500000130,10,,,2/8/19,Papier fuer Flugzeuge,PLANE PAPER 019,PLANE PAPER 019,DE00,HD00,,,RAW,5300000106,,0,5,PAL,PAL,1,1,100,1,8,1,40,40,00/00/0000,0,,,,C,X,,0,0,0,0,0,,0,,,,,X,,0,,,,,X,,X,,,,,0,00/00/0000,0,0,0,,,EA,,0,0,0,2/8/19,F,40,X,,,,,SAP,0,0,LB,,,,0,0,,,,,,,
140,4500000131,10,,,2/8/19,Papier fuer Flugzeuge,PLANE PAPER 037,PLANE PAPER 037,DE00,HD00,,,RAW,5300000107,,0,5,PAL,PAL,1,1,100,1,8,1,40,40,00/00/0000,0,,,,C,X,,0,0,0,0,0,,0,,,,,X,,0,,,,,X,,X,,,,,0,00/00/0000,0,0,0,,,EA,,0,0,0,2/8/19,F,40,X,,,,,SAP,0,0,LB,,,,0,0,,,,,,,
140,4500000132,10,,,2/8/19,Papier fuer Flugzeuge,PLANE PAPER 014,PLANE PAPER 014,DE00,HD00,,,RAW,5300000108,,0,5,PAL,PAL,1,1,100,1,40,1,200,200,00/00/0000,0,,,,C,X,,0,0,0,0,0,,0,,,,,X,,0,,,,,X,,X,,,,,0,00/00/0000,0,0,0,,,EA,,0,0,0,2/9/19,F,200,X,,,,,SAP,0,0,LB,,,,0,0,,,,,,,
140,4500000133,10,,,2/11/19,Paper for Planes,PLANE PAPER 020,PLANE PAPER 020,US00,DL00,,,RAW,5300000109,,0,0.1,PAL,PAL,1,1,100,1,100,1,10,10,00/00/0000,0,,,,C,X,,0,0,0,0,0,,0,,,,,X,,0,,,,,X,,X,,,,,0,00/00/0000,0,0,0,,,EA,,0,0,0,2/11/19,F,10,X,,,,,SAP,0,0,LB,TX0000000,,,0,0,,,,,,,
140,4500000134,10,,,2/12/19,Papier fuer Flugzeuge,PLANE PAPER 018,PLANE PAPER 018,DE00,HD00,,,RAW,5300000110,,0,5,PAL,PAL,1,1,100,1,8,1,40,40,00/00/0000,0,,,,C,X,,0,0,0,0,0,,0,,,,,X,,0,,,,,X,,X,,,,,0,00/00/0000,0,0,0,,,EA,,0,0,0,2/12/19,F,40,X,,,,,SAP,0,0,LB,,,,0,0,,,,,,,
140,4500000135,10,,,2/12/19,Paper for Planes,PLANE PAPER 033,PLANE PAPER 033,US00,DL00,,,RAW,5300000111,,0,10,PAL,PAL,1,1,100,1,10,1,100,100,00/00/0000,0,,,,C,X,,0,0,0,0,0,,0,,,,,X,,0,,,,,X,,X,,,,,0,00/00/0000,0,0,0,,,EA,,0,0,0,2/12/19,F,100,X,,,,,SAP,0,0,LB,TX0000000,,,0,0,,,,,,,
140,4500000136,10,,,2/12/19,Paper for Planes,PLANE PAPER 026,PLANE PAPER 026,US00,DL00,,,RAW,5300000112,,0,10,PAL,PAL,1,1,100,1,10,1,100,100,00/00/0000,0,,,,C,X,,0,0,0,0,0,,0,,,,,X,,0,,,,,X,,X,,,,,0,00/00/0000,0,0,0,,,EA,,0,0,0,2/12/19,F,100,X,,,,,SAP,0,0,LB,TX0000000,,,0,0,,,,,,,
140,4500000137,10,,,2/12/19,Papier fuer Flugzeuge,PLANE PAPER 026,PLANE PAPER 026,DE00,HD00,,,RAW,5300000113,,0,5,PAL,PAL,1,1,100,1,8,1,40,40,00/00/0000,0,,,,C,X,,0,0,0,0,0,,0,,,,,X,,0,,,,,X,,X,,,,,0,00/00/0000,0,0,0,,,EA,,0,0,0,2/12/19,F,40,X,,,,,SAP,0,0,LB,,,,0,0,,,,,,,
140,4500000138,10,,,2/14/19,Off Road Tire,ORTR1000,ORTR1000,US00,DL00,,,RAW,5300000114,,0,200,EA,EA,1,1,1,1,11.4,1,"2,280.68","2,000.00",00/00/0000,0,,,,C,X,,0,0,0,0,0,,0,,,,,X,,0,,,,,X,,X,,,,,0,00/00/0000,0,0,0,,,EA,,0,0,0,2/14/19,F,"2,280.68",X,,,,,SAP,1,700,G,TX0000000,,,0,0,,,,,,,
140,4500000139,10,,,2/14/19,Off Road Tire,ORTR1000,ORTR1000,US00,DL00,,,RAW,5300000114,,0,200,EA,EA,1,1,1,1,11.4,1,"2,280.68","2,000.00",00/00/0000,0,,,,C,X,,0,0,0,0,0,,0,,,,,X,,0,,,,,X,,X,,,,,0,00/00/0000,0,0,0,,,EA,,0,0,0,2/14/19,F,"2,280.68",X,,,,,SAP,1,700,G,TX0000000,,,0,0,,,,,,,
140,4500000140,10,,,2/16/19,Off Road Tire,ORTR1014,ORTR1014,US00,DL00,,,RAW,5300000115,,0,200,EA,EA,1,1,1,1,19.4,1,"3,880.96","3,436.00",00/00/0000,0,,,,C,X,,0,0,0,0,0,,0,,,,,X,,0,,,,,X,,X,,,,,0,00/00/0000,0,0,0,,,EA,,0,0,0,2/16/19,F,"3,880.96",X,,,,,SAP,1,700,G,TX0000000,,,0,0,,,,,,,
140,4500000141,10,,,2/16/19,Off Road Tire,ORTR1014,ORTR1014,US00,DL00,,,RAW,5300000045,,0,200,EA,EA,1,1,1,1,22.12,1,"4,423.32","3,928.00",00/00/0000,0,,,,C,X,,0,0,0,0,0,,0,,,,,X,,0,,,,,X,,X,,,,,0,00/00/0000,0,0,0,,,EA,,0,0,0,2/16/19,F,"4,423.32",X,,,,,SAP,1,700,G,TX0000000,,,0,0,,,,,,,
140,4500000142,10,,,2/16/19,Off Road Tire,ORTR1014,ORTR1014,US00,DL00,,,RAW,5300000116,,0,200,EA,EA,1,1,1,1,14.85,1,"2,970.40","2,528.00",00/00/0000,0,,,,C,X,,0,0,0,0,0,,0,,,,,X,,0,,,,,X,,X,,,,,0,00/00/0000,0,0,0,,,EA,,0,0,0,2/16/19,F,"2,970.40",X,,,,,SAP,1,700,G,TX0000000,,,0,0,,,,,,,
140,4500000143,10,,,2/16/19,Off Road Tire,ORTR1040,ORTR1040,US00,DL00,,,RAW,5300000117,,0,200,EA,EA,1,1,1,1,14.85,1,"2,970.28","2,586.00",00/00/0000,0,,,,C,X,,0,0,0,0,0,,0,,,,,X,,0,,,,,X,,X,,,,,0,00/00/0000,0,0,0,,,EA,,0,0,0,2/16/19,F,"2,970.28",X,,,,,SAP,1,700,G,TX0000000,,,0,0,,,,,,,
140,4500000144,10,,,2/16/19,Off Road Tire,ORTR1040,ORTR1040,US00,DL00,,,RAW,5300000118,,0,200,EA,EA,1,1,1,1,20.07,1,"4,013.39","3,570.00",00/00/0000,0,,,,C,X,,0,0,0,0,0,,0,,,,,X,,0,,,,,X,,X,,,,,0,00/00/0000,0,0,0,,,EA,,0,0,0,2/16/19,F,"4,013.39",X,,,,,SAP,1,700,G,TX0000000,,,0,0,,,,,,,
140,4500000145,10,,,2/16/19,Off Road Tire,ORTR1040,ORTR1040,US00,DL00,,,RAW,5300000055,,0,200,EA,EA,1,1,1,1,13.33,1,"2,666.86","2,230.00",00/00/0000,0,,,,C,X,,0,0,0,0,0,,0,,,,,X,,0,,,,,X,,X,,,,,0,00/00/0000,0,0,0,,,EA,,0,0,0,2/16/19,F,"2,666.86",X,,,,,SAP,1,700,G,TX0000000,,,0,0,,,,,,,
140,4500000146,10,,,2/17/19,Paper for Planes,PLANE PAPER 020,PLANE PAPER 020,US00,DL00,,,RAW,5300000109,,0,0.1,PAL,PAL,1,1,100,1,100,1,10,10,00/00/0000,0,,,,C,X,,0,0,0,0,0,,0,,,,,X,,0,,,,,X,,X,,,,,0,00/00/0000,0,0,0,,,EA,,0,0,0,2/17/19,F,10,X,,,,,SAP,0,0,LB,TX0000000,,,0,0,,,,,,,
140,4500000147,10,,,2/17/19,Off Road Tire,ORTR1020,ORTR1020,US00,DL00,,,RAW,5300000119,,0,200,EA,EA,1,1,1,1,18.84,1,"3,768.00","3,768.00",00/00/0000,0,,,,C,X,,0,0,0,0,0,,0,,,,,X,,0,,,,,X,,X,,,,,0,00/00/0000,0,0,0,,,EA,,0,0,0,2/17/19,F,"3,768.00",X,,,,,SAP,1,700,G,TX0000000,,,0,0,,,,,,,
140,4500000148,10,,,2/17/19,Off Road Tire,ORTR1020,ORTR1020,US00,DL00,,,RAW,5300000046,,0,200,EA,EA,1,1,1,1,12.91,1,"2,581.73","2,308.00",00/00/0000,0,,,,C,X,,0,0,0,0,0,,0,,,,,X,,0,,,,,X,,X,,,,,0,00/00/0000,0,0,0,,,EA,,0,0,0,2/17/19,F,"2,581.73",X,,,,,SAP,1,700,G,TX0000000,,,0,0,,,,,,,
140,4500000149,10,,,2/17/19,Off Road Tire,ORTR1020,ORTR1020,US00,DL00,,,RAW,5300000120,,0,200,EA,EA,1,1,1,1,18.32,1,"3,663.48","3,084.00",00/00/0000,0,,,,C,X,,0,0,0,0,0,,0,,,,,X,,0,,,,,X,,X,,,,,0,00/00/0000,0,0,0,,,EA,,0,0,0,2/17/19,F,"3,663.48",X,,,,,SAP,1,700,G,TX0000000,,,0,0,,,,,,,
140,4500000150,10,,,2/17/19,Paper for Planes,PLANE PAPER 020,PLANE PAPER 020,US00,DL00,,,RAW,5300000109,,0,10,PAL,PAL,1,1,100,1,100,1,"1,000.00","1,000.00",00/00/0000,0,,,,C,X,,0,0,0,0,0,,0,,,,,X,,0,,,,,X,,X,,,,,0,00/00/0000,0,0,0,,,EA,,0,0,0,2/17/19,F,"1,000.00",X,,,,,SAP,0,0,LB,TX0000000,,,0,0,,,,,,,
140,4500000151,10,,,2/17/19,Papier fuer Flugzeuge,PLANE PAPER 020,PLANE PAPER 020,DE00,HD00,,,RAW,5300000121,,0,5,PAL,PAL,1,1,100,1,80,1,400,400,00/00/0000,0,,,,C,X,,0,0,0,0,0,,0,,,,,X,,0,,,,,X,,X,,,,,0,00/00/0000,0,0,0,,,EA,,0,0,0,2/17/19,F,400,X,,,,,SAP,0,0,LB,,,,0,0,,,,,,,
140,4500000152,10,,,2/17/19,Paper for Planes,PLANE PAPER 011,PLANE PAPER 011,US00,DL00,,,RAW,5300000122,,0,0.1,PAL,PAL,1,1,100,1,10,1,1,1,00/00/0000,0,,,,C,X,,0,0,0,0,0,,0,,,,,X,,0,,,,,X,,X,,,,,0,00/00/0000,0,0,0,,,EA,,0,0,0,2/17/19,F,1,X,,,,,SAP,0,0,LB,TX0000000,,,0,0,,,,,,,
140,4500000153,10,,,2/18/19,Off Road Tire,ORTR1017,ORTR1017,US00,DL00,,,RAW,5300000123,,0,200,EA,EA,1,1,1,1,20.6,1,"4,119.69","3,466.00",00/00/0000,0,,,,C,X,,0,0,0,0,0,,0,,,,,X,,0,,,,,X,,X,,,,,0,00/00/0000,0,0,0,,,EA,,0,0,0,2/18/19,F,"4,119.69",X,,,,,SAP,1,700,G,TX0000000,,,0,0,,,,,,,
140,4500000154,10,,,2/18/19,Off Road Tire,ORTR1000,ORTR1000,US00,DL00,,,RAW,5300000124,,0,200,EA,EA,1,1,1,1,12.57,1,"2,513.54","2,180.00",00/00/0000,0,,,,C,X,,0,0,0,0,0,,0,,,,,X,,0,,,,,X,,X,,,,,0,00/00/0000,0,0,0,,,EA,,0,0,0,2/18/19,F,"2,513.54",X,,,,,SAP,1,700,G,TX0000000,,,0,0,,,,,,,
140,4500000155,10,,,2/18/19,Off Road Tire,ORTR1017,ORTR1017,US00,DL00,,,RAW,5300000058,,0,200,EA,EA,1,1,1,1,22.59,1,"4,518.09","3,838.00",00/00/0000,0,,,,C,X,,0,0,0,0,0,,0,,,,,X,,0,,,,,X,,X,,,,,0,00/00/0000,0,0,0,,,EA,,0,0,0,2/18/19,F,"4,518.09",X,,,,,SAP,1,700,G,TX0000000,,,0,0,,,,,,,
140,4500000156,10,,,2/18/19,Off Road Tire,ORTR1025,ORTR1025,US00,DL00,,,RAW,5300000125,,0,200,EA,EA,1,1,1,1,12.57,1,"2,513.54","2,180.00",00/00/0000,0,,,,C,X,,0,0,0,0,0,,0,,,,,X,,0,,,,,X,,X,,,,,0,00/00/0000,0,0,0,,,EA,,0,0,0,2/18/19,F,"2,513.54",X,,,,,SAP,1,700,G,TX0000000,,,0,0,,,,,,,
140,4500000157,10,,,2/18/19,Off Road Tire,ORTR1017,ORTR1017,US00,DL00,,,RAW,5300000126,,0,200,EA,EA,1,1,1,1,16.02,1,"3,204.51","2,780.00",00/00/0000,0,,,,C,X,,0,0,0,0,0,,0,,,,,X,,0,,,,,X,,X,,,,,0,00/00/0000,0,0,0,,,EA,,0,0,0,2/18/19,F,"3,204.51",X,,,,,SAP,1,700,G,TX0000000,,,0,0,,,,,,,
140,4500000158,10,,,2/18/19,Off Road Tire,ORTR1025,ORTR1025,US00,DL00,,,RAW,5300000059,,0,200,EA,EA,1,1,1,1,21.6,1,"4,320.59","3,788.00",00/00/0000,0,,,,C,X,,0,0,0,0,0,,0,,,,,X,,0,,,,,X,,X,,,,,0,00/00/0000,0,0,0,,,EA,,0,0,0,2/18/19,F,"4,320.59",X,,,,,SAP,1,700,G,TX0000000,,,0,0,,,,,,,
140,4500000159,10,,,2/18/19,Off Road Tire,ORTR1025,ORTR1025,US00,DL00,,,RAW,5300000127,,0,200,EA,EA,1,1,1,1,19.28,1,"3,855.85","3,350.00",00/00/0000,0,,,,C,X,,0,0,0,0,0,,0,,,,,X,,0,,,,,X,,X,,,,,0,00/00/0000,0,0,0,,,EA,,0,0,0,2/18/19,F,"3,855.85",X,,,,,SAP,1,700,G,TX0000000,,,0,0,,,,,,,
140,4500000160,10,,,2/18/19,Off Road Tire,ORTR1028,ORTR1028,US00,DL00,,,RAW,5300000128,,0,200,EA,EA,1,1,1,1,18.07,1,"3,614.08","3,062.00",00/00/0000,0,,,,C,X,,0,0,0,0,0,,0,,,,,X,,0,,,,,X,,X,,,,,0,00/00/0000,0,0,0,,,EA,,0,0,0,2/18/19,F,"3,614.08",X,,,,,SAP,1,700,G,TX0000000,,,0,0,,,,,,,
140,4500000161,10,,,2/18/19,Off Road Tire,ORTR1028,ORTR1028,US00,DL00,,,RAW,5300000129,,0,200,EA,EA,1,1,1,1,17.53,1,"3,505.39","3,086.00",00/00/0000,0,,,,C,X,,0,0,0,0,0,,0,,,,,X,,0,,,,,X,,X,,,,,0,00/00/0000,0,0,0,,,EA,,0,0,0,2/18/19,F,"3,505.39",X,,,,,SAP,1,700,G,TX0000000,,,0,0,,,,,,,
140,4500000162,10,,,2/18/19,Off Road Tire,ORTR1028,ORTR1028,US00,DL00,,,RAW,5300000064,,0,200,EA,EA,1,1,1,1,19.78,1,"3,956.94","3,560.00",00/00/0000,0,,,,C,X,,0,0,0,0,0,,0,,,,,X,,0,,,,,X,,X,,,,,0,00/00/0000,0,0,0,,,EA,,0,0,0,2/18/19,F,"3,956.94",X,,,,,SAP,1,700,G,TX0000000,,,0,0,,,,,,,
140,4500000163,10,,,2/18/19,Off Road Tire,ORTR1005,ORTR1005,US00,DL00,,,RAW,5300000048,,0,200,EA,EA,1,1,1,1,14.81,1,"2,962.56","2,596.00",00/00/0000,0,,,,C,X,,0,0,0,0,0,,0,,,,,X,,0,,,,,X,,X,,,,,0,00/00/0000,0,0,0,,,EA,,0,0,0,2/18/19,F,"2,962.56",X,,,,,SAP,1,700,G,TX0000000,,,0,0,,,,,,,
140,4500000164,10,,,2/18/19,Off Road Tire,ORTR1005,ORTR1005,US00,DL00,,,RAW,5300000130,,0,200,EA,EA,1,1,1,1,16.6,1,"3,320.45","2,916.00",00/00/0000,0,,,,C,X,,0,0,0,0,0,,0,,,,,X,,0,,,,,X,,X,,,,,0,00/00/0000,0,0,0,,,EA,,0,0,0,2/18/19,F,"3,320.45",X,,,,,SAP,1,700,G,TX0000000,,,0,0,,,,,,,
140,4500000165,10,,,2/18/19,Off Road Tire,ORTR1005,ORTR1005,US00,DL00,,,RAW,5300000131,,0,200,EA,EA,1,1,1,1,15.97,1,"3,193.97","2,752.00",00/00/0000,0,,,,C,X,,0,0,0,0,0,,0,,,,,X,,0,,,,,X,,X,,,,,0,00/00/0000,0,0,0,,,EA,,0,0,0,2/18/19,F,"3,193.97",X,,,,,SAP,1,700,G,TX0000000,,,0,0,,,,,,,
140,4500000166,10,,,2/18/19,Road Tire,ORTR1000,ORTR1000,US00,DL00,,,RAW,5300000132,,0,200,EA,EA,1,1,1,1,12.58,1,"2,515.38","2,260.00",00/00/0000,0,,,,C,X,,0,0,0,0,0,,0,,,,,X,,0,,,,,X,,X,,,,,0,00/00/0000,0,0,0,,,EA,,0,0,0,2/18/19,F,"2,515.38",X,,,,,SAP,1,700,G,TX0000000,,,0,0,,,,,,,
140,4500000167,10,,,2/18/19,Road Tires,ORTR1000,ORTR1000,US00,DL00,,,RAW,5300000133,,0,200,EA,EA,1,1,1,1,17.89,1,"3,578.00","3,578.00",00/00/0000,0,,,,C,X,,0,0,0,0,0,,0,,,,,,,0,,,,,X,,X,,,,,0,00/00/0000,0,0,0,,,EA,,0,0,0,2/18/19,F,"3,578.00",X,,,,,SAP,1,700,G,TX0000000,,,0,0,,,,,,,
140,4500000168,10,,,2/18/19,Road Tires,ORTR1000,ORTR1000,US00,DL00,,,RAW,5300000133,,0,200,EA,EA,1,1,1,1,17.89,1,"3,578.00","3,578.00",00/00/0000,0,,,,C,X,,0,0,0,0,0,,0,,,,,X,,0,,,,,X,,X,,,,,0,00/00/0000,0,0,0,,,EA,,0,0,0,2/18/19,F,"3,578.00",X,,,,,SAP,1,700,G,TX0000000,,,0,0,,,,,,,
140,4500000169,10,,,2/18/19,Road Tires,ORTR1000,ORTR1000,US00,DL00,,,RAW,5300000134,,0,200,EA,EA,1,1,1,1,18.35,1,"3,670.00","3,670.00",00/00/0000,0,,,,C,X,,0,0,0,0,0,,0,,,,,X,,0,,,,,X,,X,,,,,0,00/00/0000,0,0,0,,,EA,,0,0,0,2/18/19,F,"3,670.00",X,,,,,SAP,1,700,G,TX0000000,,,0,0,,,,,,,
140,4500000170,10,,,2/18/19,road tires,ORTR1000,ORTR1000,US00,DL00,,,RAW,5300000134,,0,200,EA,EA,1,1,1,1,18.35,1,"3,670.00","3,670.00",00/00/0000,0,,,,C,X,,0,0,0,0,0,,0,,,,,,,0,,,,,X,,X,,,,,0,00/00/0000,0,0,0,,,EA,,0,0,0,2/18/19,F,"3,670.00",X,,,,,SAP,1,700,G,TX0000000,,,0,0,,,,,,,
140,4500000171,10,,,2/18/19,Off Road Tire,ORTR1035,ORTR1035,US00,DL00,,,RAW,5300000135,,0,200,EA,EA,1,1,1,1,11,1,"2,200.00","2,000.00",00/00/0000,0,,,,C,X,,0,0,0,0,0,,0,,,,,X,,0,,,,,X,,X,,,,,0,00/00/0000,0,0,0,,,EA,,0,0,0,2/18/19,F,"2,200.00",X,,,,,SAP,1,700,G,TX0000000,,,0,0,,,,,,,
140,4500000172,10,,,2/18/19,road tires,ORTR1000,ORTR1000,US00,DL00,,,RAW,5300000134,,0,200,EA,EA,1,1,1,1,21.72,1,"4,343.45","3,670.00",00/00/0000,0,,,,C,X,,0,0,0,0,0,,0,,,,,,,0,,,,,X,,X,,,,,0,00/00/0000,0,0,0,,,EA,,0,0,0,2/18/19,F,"4,343.45",X,,,,,SAP,1,700,G,TX0000000,,,0,0,,,,,,,
140,4500000173,10,,,2/18/19,Off Road Tire,ORTR1035,ORTR1035,US00,DL00,,,RAW,5300000136,,0,200,EA,EA,1,1,1,1,17.25,1,"3,450.00","3,000.00",00/00/0000,0,,,,C,X,,0,0,0,0,0,,0,,,,,X,,0,,,,,X,,X,,,,,0,00/00/0000,0,0,0,,,EA,,0,0,0,2/18/19,F,"3,450.00",X,,,,,SAP,1,700,G,TX0000000,,,0,0,,,,,,,
140,4500000174,10,,,2/18/19,Off Road Tire,ORTR1035,ORTR1035,US00,DL00,,,RAW,5300000043,,0,200,EA,EA,1,1,1,1,10,1,"2,000.00","2,000.00",00/00/0000,0,,,,C,X,,0,0,0,0,0,,0,,,,,X,,0,,,,,X,,X,,,,,0,00/00/0000,0,0,0,,,EA,,0,0,0,2/18/19,F,"2,000.00",X,,,,,SAP,1,700,G,TX0000000,,,0,0,,,,,,,
140,4500000175,10,,,2/18/19,Off Road Tire,ORTR1035,ORTR1035,US00,DL00,,,RAW,5300000043,,0,200,EA,EA,1,1,1,1,24,1,"4,800.00","4,000.00",00/00/0000,0,,,,C,X,,0,0,0,0,0,,0,,,,,X,,0,,,,,X,,X,,,,,0,00/00/0000,0,0,0,,,EA,,0,0,0,2/18/19,F,"4,800.00",X,,,,,SAP,1,700,G,TX0000000,,,0,0,,,,,,,
140,4500000176,10,,,2/19/19,Off Road Tire,ORTR1033,ORTR1033,US00,DL00,,,RAW,5300000137,,0,200,EA,EA,1,1,1,1,21.08,1,"4,216.76","3,814.00",00/00/0000,0,,,,C,X,,0,0,0,0,0,,0,,,,,X,,0,,,,,X,,X,,,,,0,00/00/0000,0,0,0,,,EA,,0,0,0,2/19/19,F,"4,216.76",X,,,,,SAP,1,700,G,TX0000000,,,0,0,,,,,,,
140,4500000177,10,,,2/19/19,Off Road Tire,ORTR1033,ORTR1033,US00,DL00,,,RAW,5300000138,,0,200,EA,EA,1,1,1,1,12.9,1,"2,580.65","2,342.00",00/00/0000,0,,,,C,X,,0,0,0,0,0,,0,,,,,X,,0,,,,,X,,X,,,,,0,00/00/0000,0,0,0,,,EA,,0,0,0,2/19/19,F,"2,580.65",X,,,,,SAP,1,700,G,TX0000000,,,0,0,,,,,,,
140,4500000178,10,,,2/19/19,Off Road Tire,ORTR1033,ORTR1033,US00,DL00,,,RAW,5300000063,,0,200,EA,EA,1,1,1,1,20.09,1,"4,018.03","3,408.00",00/00/0000,0,,,,C,X,,0,0,0,0,0,,0,,,,,X,,0,,,,,X,,X,,,,,0,00/00/0000,0,0,0,,,EA,,0,0,0,2/19/19,F,"4,018.03",X,,,,,SAP,1,700,G,TX0000000,,,0,0,,,,,,,
140,4500000179,10,,,2/19/19,Off Road Tire,ORTR1036,ORTR1036,US00,DL00,,,RAW,5300000139,,0,200,EA,EA,1,1,1,1,20.59,1,"4,117.04","3,474.00",00/00/0000,0,,,,C,X,,0,0,0,0,0,,0,,,,,X,,0,,,,,X,,X,,,,,0,00/00/0000,0,0,0,,,EA,,0,0,0,2/19/19,F,"4,117.04",X,,,,,SAP,1,700,G,TX0000000,,,0,0,,,,,,,
140,4500000180,10,,,2/19/19,Off Road Tire,ORTR1036,ORTR1036,US00,DL00,,,RAW,5300000140,,0,200,EA,EA,1,1,1,1,13.01,1,"2,601.93","2,286.00",00/00/0000,0,,,,C,X,,0,0,0,0,0,,0,,,,,X,,0,,,,,X,,X,,,,,0,00/00/0000,0,0,0,,,EA,,0,0,0,2/19/19,F,"2,601.93",X,,,,,SAP,1,700,G,TX0000000,,,0,0,,,,,,,
140,4500000181,10,,,2/19/19,Off Road Tire,ORTR1036,ORTR1036,US00,DL00,,,RAW,5300000061,,0,200,EA,EA,1,1,1,1,17.99,1,"3,598.23","3,114.00",00/00/0000,0,,,,C,X,,0,0,0,0,0,,0,,,,,X,,0,,,,,X,,X,,,,,0,00/00/0000,0,0,0,,,EA,,0,0,0,2/19/19,F,"3,598.23",X,,,,,SAP,1,700,G,TX0000000,,,0,0,,,,,,,
140,4500000182,10,,,2/19/19,Off Road Tire,ORTR1018,ORTR1018,US00,DL00,,,RAW,5300000141,,0,200,EA,EA,1,1,1,1,20.35,1,"4,070.48","3,400.00",00/00/0000,0,,,,C,X,,0,0,0,0,0,,0,,,,,X,,0,,,,,X,,X,,,,,0,00/00/0000,0,0,0,,,EA,,0,0,0,2/19/19,F,"4,070.48",X,,,,,SAP,1,700,G,TX0000000,,,0,0,,,,,,,
140,4500000182,20,,,2/19/19,Off Road Tire,ORTR1018,ORTR1018,US00,DL00,,,RAW,5300000141,,0,200,EA,EA,1,1,1,1,25.99,1,"5,198.02","3,800.00",00/00/0000,0,,,,C,X,,0,0,0,0,0,,0,,,,,,,0,,,,,X,,X,,,,,0,00/00/0000,0,0,0,,,EA,,0,0,0,2/19/19,F,"5,198.02",X,,,,,SAP,1,700,G,TX0000000,,,0,0,,,,,,,
140,4500000183,10,,,2/19/19,Off Road Tire,ORTR1000,ORTR1000,US00,DL00,RM00,,RAW,5300000142,,0,200,EA,EA,1,1,1,1,16.09,1,"3,218.81","2,898.00",00/00/0000,0,,,,C,X,,0,0,0,0,0,,0,,,,,X,,0,,,,,X,,X,,,,,0,00/00/0000,0,0,0,,,EA,,0,0,0,2/19/19,F,"3,218.81",X,,,,,SAP,1,700,G,TX0000000,,,0,0,,,,,,,
140,4500000184,10,,,2/19/19,Off Road Tire,ORTR1018,ORTR1018,US00,DL00,,,RAW,5300000143,,0,200,EA,EA,1,1,1,1,15.19,1,"3,038.62","2,600.00",00/00/0000,0,,,,C,X,,0,0,0,0,0,,0,,,,,X,,0,,,,,X,,X,,,,,0,00/00/0000,0,0,0,,,EA,,0,0,0,2/19/19,F,"3,038.62",X,,,,,SAP,1,700,G,TX0000000,,,0,0,,,,,,,
140,4500000185,10,,,2/19/19,Off Road Tire,ORTR1018,ORTR1018,US00,DL00,,,RAW,5300000144,,0,200,EA,EA,1,1,1,1,22.24,1,"4,448.66","3,800.00",00/00/0000,0,,,,C,X,,0,0,0,0,0,,0,,,,,X,,0,,,,,X,,X,,,,,0,00/00/0000,0,0,0,,,EA,,0,0,0,2/19/19,F,"4,448.66",X,,,,,SAP,1,700,G,TX0000000,,,0,0,,,,,,,
140,4500000186,10,,,2/19/19,Road Tire,ORTR1023,ORTR1023,US00,DL00,,,RAW,5300000145,,0,200,EA,EA,1,1,1,1,11.79,1,"2,358.00","2,358.00",00/00/0000,0,,,,C,X,,0,0,0,0,0,,0,,,,,,,0,,,,,X,,X,,,,,0,00/00/0000,0,0,0,,,EA,,0,0,0,2/19/19,F,"2,358.00",X,,,,,SAP,1,700,G,TX0000000,,,0,0,,,,,,,
140,4500000187,10,,,2/19/19,Off Road Tire,ORTR1000,ORTR1000,US00,DL00,,,RAW,5300000146,,0,200,EA,EA,1,1,1,1,16.42,1,"3,284.38","2,818.00",00/00/0000,0,,,,C,X,,0,0,0,0,0,,0,,,,,X,,0,,,,,X,,X,,,,,0,00/00/0000,0,0,0,,,EA,,0,0,0,2/19/19,F,"3,284.38",X,,,,,SAP,1,700,G,TX0000000,,,0,0,,,,,,,
140,4500000188,10,,,2/19/19,Off Road Tire,ORTR1018,ORTR1018,US00,DL00,,,RAW,5300000144,,0,200,EA,EA,1,1,1,1,22.24,1,"4,448.66","3,800.00",00/00/0000,0,,,,C,X,,0,0,0,0,0,,0,,,,,,,0,,,,,X,,X,,,,,0,00/00/0000,0,0,0,,,EA,,0,0,0,2/19/19,F,"4,448.66",X,,,,,SAP,1,700,G,TX0000000,,,0,0,,,,,,,
140,4500000189,10,,,2/19/19,Road Tire,ORTR1023,ORTR1023,US00,DL00,,,RAW,5300000145,,0,200,EA,EA,1,1,1,1,13.35,1,"2,670.44","2,358.00",00/00/0000,0,,,,C,X,,0,0,0,0,0,,0,,,,,X,,0,,,,,X,,X,,,,,0,00/00/0000,0,0,0,,,EA,,0,0,0,2/19/19,F,"2,670.44",X,,,,,SAP,1,700,G,TX0000000,,,0,0,,,,,,,
140,4500000190,10,,,2/19/19,Off Road Tire,ORTR1000,ORTR1000,US00,DL00,,,RAW,5300000147,,0,200,EA,EA,1,1,1,1,12.71,1,"2,541.68","2,140.00",00/00/0000,0,,,,C,X,,0,0,0,0,0,,0,,,,,X,,0,,,,,X,,X,,,,,0,00/00/0000,0,0,0,,,EA,,0,0,0,2/19/19,F,"2,541.68",X,,,,,SAP,1,700,G,TX0000000,,,0,0,,,,,,,
140,4500000191,10,,,2/19/19,Road Tire,ORTR1000,ORTR1000,US00,DL00,,,RAW,5300000148,,0,200,EA,EA,1,1,1,1,12.93,1,"2,585.13","2,338.00",00/00/0000,0,,,,C,X,,0,0,0,0,0,,0,,,,,X,,0,,,,,X,,X,,,,,0,00/00/0000,0,0,0,,,EA,,0,0,0,2/19/19,F,"2,585.13",X,,,,,SAP,1,700,G,TX0000000,,,0,0,,,,,,,
140,4500000192,10,,,2/19/19,Road Tire,ORTR1023,ORTR1023,US00,DL00,,,RAW,5300000149,,0,200,EA,EA,1,1,1,1,14.48,1,"2,896.20","2,594.00",00/00/0000,0,,,,C,X,,0,0,0,0,0,,0,,,,,X,,0,,,,,X,,X,,,,,0,00/00/0000,0,0,0,,,EA,,0,0,0,2/19/19,F,"2,896.20",X,,,,,SAP,1,700,G,TX0000000,,,0,0,,,,,,,
140,4500000193,10,,,2/19/19,Off Road Tire,ORTR1008,ORTR1008,US00,DL00,,,RAW,5300000049,,0,200,EA,EA,1,1,1,1,16.7,1,"3,340.19","2,920.00",00/00/0000,0,,,,C,X,,0,0,0,0,0,,0,,,,,X,,0,,,,,X,,X,,,,,0,00/00/0000,0,0,0,,,EA,,0,0,0,2/19/19,F,"3,340.19",X,,,,,SAP,1,700,G,TX0000000,,,0,0,,,,,,,
140,4500000194,10,,,2/19/19,Paper for Planes,PLANE PAPER 023,PLANE PAPER 023,US00,DL00,,,RAW,5300000150,,0,10,PAL,PAL,1,1,100,1,"10,000.00",1,"100,000.00","100,000.00",00/00/0000,0,,,,C,X,,0,0,0,0,0,,0,,,,,X,,0,,,,,X,,X,,,,,0,00/00/0000,0,0,0,,,EA,,0,0,0,2/19/19,F,"100,000.00",X,,,,,SAP,0,0,LB,TX0000000,,,0,0,,,,,,,
140,4500000195,10,,,2/19/19,Off Road Tire,ORTR1009,ORTR1009,US00,DL00,,,RAW,5300000051,,0,200,EA,EA,1,1,1,1,11.01,1,"2,202.80","2,000.00",00/00/0000,0,,,,C,X,,0,0,0,0,0,,0,,,,,X,,0,,,,,X,,X,,,,,0,00/00/0000,0,0,0,,,EA,,0,0,0,2/19/19,F,"2,202.80",X,,,,,SAP,1,700,G,TX0000000,,,0,0,,,,,,,
140,4500000196,10,,,2/19/19,Off Road Tire,ORTR1037,ORTR1037,US00,DL00,,,RAW,5300000151,,0,200,EA,EA,1,1,1,1,12.31,1,"2,462.58","2,122.00",00/00/0000,0,,,,C,X,,0,0,0,0,0,,0,,,,,X,,0,,,,,X,,X,,,,,0,00/00/0000,0,0,0,,,EA,,0,0,0,2/19/19,F,"2,462.58",X,,,,,SAP,1,700,G,TX0000000,,,0,0,,,,,,,
140,4500000197,10,,,2/19/19,Off Road Tire,ORTR1008,ORTR1008,US00,DL00,,,RAW,5300000152,,0,200,EA,EA,1,1,1,1,19.82,1,"3,964.13","3,410.00",00/00/0000,0,,,,C,X,,0,0,0,0,0,,0,,,,,X,,0,,,,,X,,X,,,,,0,00/00/0000,0,0,0,,,EA,,0,0,0,2/19/19,F,"3,964.13",X,,,,,SAP,1,700,G,TX0000000,,,0,0,,,,,,,
140,4500000198,10,,,2/19/19,Paper for Planes,PLANE PAPER 023,PLANE PAPER 023,US00,DL00,,,RAW,5300000150,,0,10,PAL,PAL,1,1,100,1,"10,000.00",1,"100,000.00","100,000.00",00/00/0000,0,,,,C,X,,0,0,0,0,0,,0,,,,,X,,0,,,,,X,,X,,,,,0,00/00/0000,0,0,0,,,EA,,0,0,0,2/19/19,F,"100,000.00",X,,,,,SAP,0,0,LB,TX0000000,,,0,0,,,,,,,
140,4500000199,10,,,2/19/19,Off Road Tire,ORTR1008,ORTR1008,US00,DL00,,,RAW,5300000153,,0,200,EA,EA,1,1,1,1,16.21,1,"3,242.38","2,938.00",00/00/0000,0,,,,C,X,,0,0,0,0,0,,0,,,,,X,,0,,,,,X,,X,,,,,0,00/00/0000,0,0,0,,,EA,,0,0,0,2/19/19,F,"3,242.38",X,,,,,SAP,1,700,G,TX0000000,,,0,0,,,,,,,
140,4500000200,10,,,2/19/19,Off Road Tire,ORTR1037,ORTR1037,US00,DL00,,,RAW,5300000050,,0,200,EA,EA,1,1,1,1,11.48,1,"2,296.80","2,000.00",00/00/0000,0,,,,C,X,,0,0,0,0,0,,0,,,,,X,,0,,,,,X,,X,,,,,0,00/00/0000,0,0,0,,,EA,,0,0,0,2/19/19,F,"2,296.80",X,,,,,SAP,1,700,G,TX0000000,,,0,0,,,,,,,
140,4500000201,10,,,2/19/19,Off Road Tire,ORTR1039,ORTR1039,US00,DL00,,,RAW,5300000154,,0,200,EA,EA,1,1,1,1,21.11,1,"4,222.48","3,760.00",00/00/0000,0,,,,C,X,,0,0,0,0,0,,0,,,,,X,,0,,,,,X,,X,,,,,0,00/00/0000,0,0,0,,,EA,,0,0,0,2/19/19,F,"4,222.48",X,,,,,SAP,1,700,G,TX0000000,,,0,0,,,,,,,
140,4500000202,10,,,2/19/19,Off Road Tire,ORTR1009,ORTR1009,US00,DL00,,,RAW,5300000155,,0,200,EA,EA,1,1,1,1,21.51,1,"4,301.44","3,898.00",00/00/0000,0,,,,C,X,,0,0,0,0,0,,0,,,,,X,,0,,,,,X,,X,,,,,0,00/00/0000,0,0,0,,,EA,,0,0,0,2/19/19,F,"4,301.44",X,,,,,SAP,1,700,G,TX0000000,,,0,0,,,,,,,
140,4500000203,10,,,2/19/19,Off Road Tire,ORTR1032,ORTR1032,US00,DL00,,,RAW,5300000156,,0,200,EA,EA,1,1,1,1,12.53,1,"2,505.56","2,272.00",00/00/0000,0,,,,C,X,,0,0,0,0,0,,0,,,,,X,,0,,,,,X,,X,,,,,0,00/00/0000,0,0,0,,,EA,,0,0,0,2/19/19,F,"2,505.56",X,,,,,SAP,1,700,G,TX0000000,,,0,0,,,,,,,
140,4500000204,10,,,2/19/19,Papier fuer Flugzeuge,PLANE PAPER 023,PLANE PAPER 023,DE00,HD00,,,RAW,5300000157,,0,10,PAL,PAL,1,1,100,1,800,1,"8,000.00","8,000.00",00/00/0000,0,,,,C,X,,0,0,0,0,0,,0,,,,,X,,0,,,,,X,,X,,,,,0,00/00/0000,0,0,0,,,EA,,0,0,0,2/19/19,F,"8,000.00",X,,,,,SAP,0,0,LB,,,,0,0,,,,,,,
140,4500000205,10,,,2/19/19,Off Road Tire,ORTR1009,ORTR1009,US00,DL00,,,RAW,5300000158,,0,200,EA,EA,1,1,1,1,14.16,1,"2,832.69","2,574.00",00/00/0000,0,,,,C,X,,0,0,0,0,0,,0,,,,,X,,0,,,,,X,,X,,,,,0,00/00/0000,0,0,0,,,EA,,0,0,0,2/19/19,F,"2,832.69",X,,,,,SAP,1,700,G,TX0000000,,,0,0,,,,,,,
140,4500000206,10,,,2/19/19,Off Road Tire,ORTR1037,ORTR1037,US00,DL00,,,RAW,5300000053,,0,200,EA,EA,1,1,1,1,19.09,1,"3,818.40","3,416.00",00/00/0000,0,,,,C,X,,0,0,0,0,0,,0,,,,,X,,0,,,,,X,,X,,,,,0,00/00/0000,0,0,0,,,EA,,0,0,0,2/19/19,F,"3,818.40",X,,,,,SAP,1,700,G,TX0000000,,,0,0,,,,,,,
140,4500000207,10,,,2/19/19,Off Road Tire,ORTR1039,ORTR1039,US00,DL00,,,RAW,5300000159,,0,200,EA,EA,1,1,1,1,21.08,1,"4,215.33","3,618.00",00/00/0000,0,,,,C,X,,0,0,0,0,0,,0,,,,,,,0,,,,,X,,X,,,,,0,00/00/0000,0,0,0,,,EA,,0,0,0,2/19/19,F,"4,215.33",X,,,,,SAP,1,700,G,TX0000000,,,0,0,,,,,,,
140,4500000208,10,,,2/19/19,Off Road Tire,ORTR1032,ORTR1032,US00,DL00,,,RAW,5300000160,,0,200,EA,EA,1,1,1,1,12.89,1,"2,577.76","2,166.00",00/00/0000,0,,,,C,X,,0,0,0,0,0,,0,,,,,X,,0,,,,,X,,X,,,,,0,00/00/0000,0,0,0,,,EA,,0,0,0,2/19/19,F,"2,577.76",X,,,,,SAP,1,700,G,TX0000000,,,0,0,,,,,,,
140,4500000209,10,,,2/19/19,Off Road Tire,ORTR1039,ORTR1039,US00,DL00,,,RAW,5300000042,,0,200,EA,EA,1,1,1,1,14.98,1,"2,995.85","2,570.00",00/00/0000,0,,,,C,X,,0,0,0,0,0,,0,,,,,,,0,,,,,X,,X,,,,,0,00/00/0000,0,0,0,,,EA,,0,0,0,2/19/19,F,"2,995.85",X,,,,,SAP,1,700,G,TX0000000,,,0,0,,,,,,,
140,4500000210,10,,,2/19/19,Off Road Tire,ORTR1032,ORTR1032,US00,DL00,,,RAW,5300000054,,0,200,EA,EA,1,1,1,1,13.86,1,"2,771.33","2,362.00",00/00/0000,0,,,,C,X,,0,0,0,0,0,,0,,,,,X,,0,,,,,X,,X,,,,,0,00/00/0000,0,0,0,,,EA,,0,0,0,2/19/19,F,"2,771.33",X,,,,,SAP,1,700,G,TX0000000,,,0,0,,,,,,,
140,4500000211,10,,,2/19/19,Off Road Tire,ORTR1011,ORTR1011,US00,DL00,,,RAW,5300000047,,0,200,EA,EA,1,1,1,1,15.14,1,"3,028.94","2,702.00",00/00/0000,0,,,,C,X,,0,0,0,0,0,,0,,,,,X,,0,,,,,X,,X,,,,,0,00/00/0000,0,0,0,,,EA,,0,0,0,2/20/19,F,"3,028.94",X,,,,,SAP,1,700,G,TX0000000,,,0,0,,,,,,,
140,4500000212,10,,,2/19/19,Off Road Tire,ORTR1011,ORTR1011,US00,DL00,,,RAW,5300000161,,0,200,EA,EA,1,1,1,1,21.72,1,"4,344.93","3,914.00",00/00/0000,0,,,,C,X,,0,0,0,0,0,,0,,,,,X,,0,,,,,X,,X,,,,,0,00/00/0000,0,0,0,,,EA,,0,0,0,2/20/19,F,"4,344.93",X,,,,,SAP,1,700,G,TX0000000,,,0,0,,,,,,,
140,4500000213,10,,,2/19/19,Off Road Tire,ORTR1011,ORTR1011,US00,DL00,,,RAW,5300000162,,0,200,EA,EA,1,1,1,1,13.08,1,"2,616.78","2,266.00",00/00/0000,0,,,,C,X,,0,0,0,0,0,,0,,,,,X,,0,,,,,X,,X,,,,,0,00/00/0000,0,0,0,,,EA,,0,0,0,2/20/19,F,"2,616.78",X,,,,,SAP,1,700,G,TX0000000,,,0,0,,,,,,,
140,4500000214,10,,,2/19/19,Papier fuer Flugzeuge,PLANE PAPER 033,PLANE PAPER 033,DE00,HD00,,,RAW,5300000163,,0,5,PAL,PAL,1,1,100,1,8,1,40,40,00/00/0000,0,,,,C,X,,0,0,0,0,0,,0,,,,,X,,0,,,,,X,,X,,,,,0,00/00/0000,0,0,0,,,EA,,0,0,0,2/20/19,F,40,X,,,,,SAP,0,0,LB,,,,0,0,,,,,,,
140,4500000215,10,,,2/20/19,Off Road Tire,ORTR1039,ORTR1039,US00,DL00,,,RAW,5300000159,,0,200,EA,EA,1,1,1,1,21.08,1,"4,215.33","3,618.00",00/00/0000,0,,,,C,X,,0,0,0,0,0,,0,,,,,X,,0,,,,,X,,X,,,,,0,00/00/0000,0,0,0,,,EA,,0,0,0,2/20/19,F,"4,215.33",X,,,,,SAP,1,700,G,TX0000000,,,0,0,,,,,,,
140,4500000216,10,,,2/20/19,Off Road Tire,ORTR1039,ORTR1039,US00,DL00,,,RAW,5300000042,,0,200,EA,EA,1,1,1,1,14.98,1,"2,995.85","2,570.00",00/00/0000,0,,,,C,X,,0,0,0,0,0,,0,,,,,X,,0,,,,,X,,X,,,,,0,00/00/0000,0,0,0,,,EA,,0,0,0,2/20/19,F,"2,995.85",X,,,,,SAP,1,700,G,TX0000000,,,0,0,,,,,,,
140,4500000217,10,,,2/20/19,Off Road Tire,ORTR1022,ORTR1022,US00,DL00,,,RAW,5300000164,,0,200,EA,EA,1,1,1,1,16.02,1,"3,203.04","2,794.00",00/00/0000,0,,,,C,X,,0,0,0,0,0,,0,,,,,X,,0,,,,,X,,X,,,,,0,00/00/0000,0,0,0,,,EA,,0,0,0,2/20/19,F,"3,203.04",X,,,,,SAP,1,700,G,TX0000000,,,0,0,,,,,,,
140,4500000218,10,,,2/20/19,Off Road Tire,ORTR1022,ORTR1022,US00,DL00,,,RAW,5300000081,,0,200,EA,EA,1,1,1,1,18.6,1,"3,720.61","3,156.00",00/00/0000,0,,,,C,X,,0,0,0,0,0,,0,,,,,X,,0,,,,,X,,X,,,,,0,00/00/0000,0,0,0,,,EA,,0,0,0,2/20/19,F,"3,720.61",X,,,,,SAP,1,700,G,TX0000000,,,0,0,,,,,,,
140,4500000219,10,,,2/20/19,Off Road Tire,ORTR1022,ORTR1022,US00,DL00,,,RAW,5300000165,,0,200,EA,EA,1,1,1,1,21.89,1,"4,377.82","3,690.00",00/00/0000,0,,,,C,X,,0,0,0,0,0,,0,,,,,X,,0,,,,,X,,X,,,,,0,00/00/0000,0,0,0,,,EA,,0,0,0,2/20/19,F,"4,377.82",X,,,,,SAP,1,700,G,TX0000000,,,0,0,,,,,,,
140,4500000220,10,,,2/20/19,Off Road Tire,ORTR1031,ORTR1031,US00,DL00,,,RAW,5300000166,,0,200,EA,EA,1,1,1,1,17.77,1,"3,554.40","3,162.00",00/00/0000,0,,,,C,X,,0,0,0,0,0,,0,,,,,X,,0,,,,,X,,X,,,,,0,00/00/0000,0,0,0,,,EA,,0,0,0,2/20/19,F,"3,554.40",X,,,,,SAP,1,700,G,TX0000000,,,0,0,,,,,,,
140,4500000221,10,,,2/20/19,Off Road Tire,ORTR1031,ORTR1031,US00,DL00,,,RAW,5300000167,,0,200,EA,EA,1,1,1,1,12.67,1,"2,534.26","2,164.00",00/00/0000,0,,,,C,X,,0,0,0,0,0,,0,,,,,X,,0,,,,,X,,X,,,,,0,00/00/0000,0,0,0,,,EA,,0,0,0,2/20/19,F,"2,534.26",X,,,,,SAP,1,700,G,TX0000000,,,0,0,,,,,,,
140,4500000222,10,,,2/20/19,Off Road Tire,ORTR1031,ORTR1031,US00,DL00,,,RAW,5300000074,,0,200,EA,EA,1,1,1,1,15.12,1,"3,023.68","2,554.00",00/00/0000,0,,,,C,X,,0,0,0,0,0,,0,,,,,X,,0,,,,,X,,X,,,,,0,00/00/0000,0,0,0,,,EA,,0,0,0,2/20/19,F,"3,023.68",X,,,,,SAP,1,700,G,TX0000000,,,0,0,,,,,,,
140,4500000223,10,,,2/20/19,Off Road Tire,ORTR1016,ORTR1016,US00,DL00,,,RAW,5300000168,,0,200,EA,EA,1,1,1,1,20.63,1,"4,126.92","3,748.00",00/00/0000,0,,,,C,X,,0,0,0,0,0,,0,,,,,X,,0,,,,,X,,X,,,,,0,00/00/0000,0,0,0,,,EA,,0,0,0,2/20/19,F,"4,126.92",X,,,,,SAP,1,700,G,TX0000000,,,0,0,,,,,,,
140,4500000224,10,,,2/20/19,Off Road Tire,ORTR1016,ORTR1016,US00,DL00,,,RAW,5300000079,,0,200,EA,EA,1,1,1,1,21.34,1,"4,268.85","3,804.00",00/00/0000,0,,,,C,X,,0,0,0,0,0,,0,,,,,X,,0,,,,,X,,X,,,,,0,00/00/0000,0,0,0,,,EA,,0,0,0,2/20/19,F,"4,268.85",X,,,,,SAP,1,700,G,TX0000000,,,0,0,,,,,,,
140,4500000225,10,,,2/20/19,Off Road Tire,ORTR1016,ORTR1016,US00,DL00,,,RAW,5300000169,,0,200,EA,EA,1,1,1,1,16.73,1,"3,345.20","3,008.00",00/00/0000,0,,,,C,X,,0,0,0,0,0,,0,,,,,X,,0,,,,,X,,X,,,,,0,00/00/0000,0,0,0,,,EA,,0,0,0,2/20/19,F,"3,345.20",X,,,,,SAP,1,700,G,TX0000000,,,0,0,,,,,,,
140,4500000226,10,,,2/20/19,Off Road Tire,ORTR1030,ORTR1030,US00,DL00,,,RAW,5300000170,,0,200,EA,EA,1,1,1,1,18.18,1,"3,636.61","3,100.00",00/00/0000,0,,,,C,X,,0,0,0,0,0,,0,,,,,X,,0,,,,,X,,X,,,,,0,00/00/0000,0,0,0,,,EA,,0,0,0,2/20/19,F,"3,636.61",X,,,,,SAP,1,700,G,TX0000000,,,0,0,,,,,,,
140,4500000227,10,,,2/20/19,Off Road Tire,ORTR1030,ORTR1030,US00,DL00,,,RAW,5300000171,,0,200,EA,EA,1,1,1,1,19.93,1,"3,986.58","3,598.00",00/00/0000,0,,,,C,X,,0,0,0,0,0,,0,,,,,X,,0,,,,,X,,X,,,,,0,00/00/0000,0,0,0,,,EA,,0,0,0,2/20/19,F,"3,986.58",X,,,,,SAP,1,700,G,TX0000000,,,0,0,,,,,,,
140,4500000228,10,,,2/20/19,Off Road Tire,ORTR1004,ORTR1004,US00,DL00,,,RAW,5300000065,,0,200,EA,EA,1,1,1,1,11.52,1,"2,303.58","2,008.00",00/00/0000,0,,,,C,X,,0,0,0,0,0,,0,,,,,X,,0,,,,,X,,X,,,,,0,00/00/0000,0,0,0,,,EA,,0,0,0,2/20/19,F,"2,303.58",X,,,,,SAP,1,700,G,TX0000000,,,0,0,,,,,,,
140,4500000229,10,,,2/20/19,Off Road Tire,ORTR1030,ORTR1030,US00,DL00,,,RAW,5300000075,,0,200,EA,EA,1,1,1,1,21.17,1,"4,233.38","3,550.00",00/00/0000,0,,,,C,X,,0,0,0,0,0,,0,,,,,X,,0,,,,,X,,X,,,,,0,00/00/0000,0,0,0,,,EA,,0,0,0,2/20/19,F,"4,233.38",X,,,,,SAP,1,700,G,TX0000000,,,0,0,,,,,,,
140,4500000230,10,,,2/20/19,Off Road Tire,ORTR1004,ORTR1004,US00,DL00,,,RAW,5300000172,,0,200,EA,EA,1,1,1,1,11.42,1,"2,283.52","2,016.00",00/00/0000,0,,,,C,X,,0,0,0,0,0,,0,,,,,X,,0,,,,,X,,X,,,,,0,00/00/0000,0,0,0,,,EA,,0,0,0,2/20/19,F,"2,283.52",X,,,,,SAP,1,700,G,TX0000000,,,0,0,,,,,,,
140,4500000231,10,,,2/20/19,Off Road Tire,ORTR1004,ORTR1004,US00,DL00,,,RAW,5300000173,,0,200,EA,EA,1,1,1,1,22.25,1,"4,450.21","3,846.00",00/00/0000,0,,,,C,X,,0,0,0,0,0,,0,,,,,X,,0,,,,,X,,X,,,,,0,00/00/0000,0,0,0,,,EA,,0,0,0,2/20/19,F,"4,450.21",X,,,,,SAP,1,700,G,TX0000000,,,0,0,,,,,,,
140,4500000232,10,,,2/20/19,Off Road Tire,ORTR1019,ORTR1019,US00,DL00,,,RAW,5300000174,,0,200,EA,EA,1,1,1,1,16.5,1,"3,299.65","2,910.00",00/00/0000,0,,,,C,X,,0,0,0,0,0,,0,,,,,X,,0,,,,,X,,X,,,,,0,00/00/0000,0,0,0,,,EA,,0,0,0,2/20/19,F,"3,299.65",X,,,,,SAP,1,700,G,TX0000000,,,0,0,,,,,,,
140,4500000233,10,,,2/20/19,Off Road Tire,ORTR1024,ORTR1024,US00,DL00,,,RAW,5300000175,,0,200,EA,EA,1,1,1,1,17.24,1,"3,448.11","2,972.00",00/00/0000,0,,,,C,X,,0,0,0,0,0,,0,,,,,X,,0,,,,,X,,X,,,,,0,00/00/0000,0,0,0,,,EA,,0,0,0,2/20/19,F,"3,448.11",X,,,,,SAP,1,700,G,TX0000000,,,0,0,,,,,,,
140,4500000234,10,,,2/20/19,Off Road Tire,ORTR1019,ORTR1019,US00,DL00,,,RAW,5300000057,,0,200,EA,EA,1,1,1,1,14.97,1,"2,993.16","2,598.00",00/00/0000,0,,,,C,X,,0,0,0,0,0,,0,,,,,X,,0,,,,,X,,X,,,,,0,00/00/0000,0,0,0,,,EA,,0,0,0,2/20/19,F,"2,993.16",X,,,,,SAP,1,700,G,TX0000000,,,0,0,,,,,,,
140,4500000235,10,,,2/20/19,Off Road Tire,ORTR1024,ORTR1024,US00,DL00,,,RAW,5300000077,,0,200,EA,EA,1,1,1,1,12.89,1,"2,577.21","2,236.00",00/00/0000,0,,,,C,X,,0,0,0,0,0,,0,,,,,X,,0,,,,,X,,X,,,,,0,00/00/0000,0,0,0,,,EA,,0,0,0,2/20/19,F,"2,577.21",X,,,,,SAP,1,700,G,TX0000000,,,0,0,,,,,,,
140,4500000236,10,,,2/20/19,Off Road Tire,ORTR1019,ORTR1019,US00,DL00,,,RAW,5300000176,,0,200,EA,EA,1,1,1,1,17.16,1,"3,431.66","2,966.00",00/00/0000,0,,,,C,X,,0,0,0,0,0,,0,,,,,X,,0,,,,,X,,X,,,,,0,00/00/0000,0,0,0,,,EA,,0,0,0,2/20/19,F,"3,431.66",X,,,,,SAP,1,700,G,TX0000000,,,0,0,,,,,,,
140,4500000237,10,,,2/20/19,Off Road Tire,ORTR1024,ORTR1024,US00,DL00,,,RAW,5300000177,,0,200,EA,EA,1,1,1,1,20.99,1,"4,198.06","3,794.00",00/00/0000,0,,,,C,X,,0,0,0,0,0,,0,,,,,X,,0,,,,,X,,X,,,,,0,00/00/0000,0,0,0,,,EA,,0,0,0,2/20/19,F,"4,198.06",X,,,,,SAP,1,700,G,TX0000000,,,0,0,,,,,,,
140,4500000238,10,,,2/20/19,Off Road Tire,ORTR1021,ORTR1021,US00,DL00,,,RAW,5300000178,,0,200,EA,EA,1,1,1,1,19.17,1,"3,834.88","3,388.00",00/00/0000,0,,,,C,X,,0,0,0,0,0,,0,,,,,X,,0,,,,,X,,X,,,,,0,00/00/0000,0,0,0,,,EA,,0,0,0,2/20/19,F,"3,834.88",X,,,,,SAP,1,700,G,TX0000000,,,0,0,,,,,,,
140,4500000239,10,,,2/20/19,Off Road Tire,ORTR1021,ORTR1021,US00,DL00,,,RAW,5300000073,,0,200,EA,EA,1,1,1,1,21.53,1,"4,305.18","3,874.00",00/00/0000,0,,,,C,X,,0,0,0,0,0,,0,,,,,X,,0,,,,,X,,X,,,,,0,00/00/0000,0,0,0,,,EA,,0,0,0,2/20/19,F,"4,305.18",X,,,,,SAP,1,700,G,TX0000000,,,0,0,,,,,,,
140,4500000240,10,,,2/20/19,Off Road Tire,ORTR1021,ORTR1021,US00,DL00,,,RAW,5300000179,,0,200,EA,EA,1,1,1,1,17.88,1,"3,575.14","2,990.00",00/00/0000,0,,,,C,X,,0,0,0,0,0,,0,,,,,X,,0,,,,,X,,X,,,,,0,00/00/0000,0,0,0,,,EA,,0,0,0,2/20/19,F,"3,575.14",X,,,,,SAP,1,700,G,TX0000000,,,0,0,,,,,,,
140,4500000241,10,,,2/20/19,Off Road Tire,ORTR1000,ORTR1000,US00,DL00,,,RAW,5300000180,,0,200,EA,EA,1,1,1,1,14.77,1,"2,954.01","2,668.00",00/00/0000,0,,,,C,X,,0,0,0,0,0,,0,,,,,X,,0,,,,,X,,X,,,,,0,00/00/0000,0,0,0,,,EA,,0,0,0,2/20/19,F,"2,954.01",X,,,,,SAP,1,700,G,TX0000000,,,0,0,,,,,,,
140,4500000242,10,,,2/20/19,Off Road Tire,ORTR1000,ORTR1000,US00,DL00,,,RAW,5300000181,,0,200,EA,EA,1,1,1,1,16.3,1,"3,260.26","2,822.00",00/00/0000,0,,,,C,X,,0,0,0,0,0,,0,,,,,X,,0,,,,,X,,X,,,,,0,00/00/0000,0,0,0,,,EA,,0,0,0,2/20/19,F,"3,260.26",X,,,,,SAP,1,700,G,TX0000000,,,0,0,,,,,,,
140,4500000243,10,,,2/20/19,Off Road Tire,ORTR1000,ORTR1000,US00,DL00,,,RAW,5300000182,,0,200,EA,EA,1,1,1,1,12.37,1,"2,473.11","2,204.00",00/00/0000,0,,,,C,X,,0,0,0,0,0,,0,,,,,X,,0,,,,,X,,X,,,,,0,00/00/0000,0,0,0,,,EA,,0,0,0,2/20/19,F,"2,473.11",X,,,,,SAP,1,700,G,TX0000000,,,0,0,,,,,,,
140,4500000244,10,,,2/20/19,Off Road Tire,ORTR1000,ORTR1000,US00,DL00,,,RAW,5300000183,,0,200,EA,EA,1,1,1,1,11.75,1,"2,349.65","2,016.00",00/00/0000,0,,,,C,X,,0,0,0,0,0,,0,,,,,X,,0,,,,,X,,X,,,,,0,00/00/0000,0,0,0,,,EA,,0,0,0,2/20/19,F,"2,349.65",X,,,,,SAP,1,700,G,TX0000000,,,0,0,,,,,,,
140,4500000245,10,,,2/20/19,Off Road Tire,ORTR1000,ORTR1000,US00,DL00,,,RAW,5300000184,,0,200,EA,EA,1,1,1,1,19.13,1,"3,826.00","3,826.00",00/00/0000,0,,,,C,X,,0,0,0,0,0,,0,,,,,,,0,,,,,X,,X,,,,,0,00/00/0000,0,0,0,,,EA,,0,0,0,2/20/19,F,"3,826.00",X,,,,,SAP,1,700,G,TX0000000,,,0,0,,,,,,,
140,4500000246,10,,,2/20/19,Off Road Tire,ORTR1000,ORTR1000,US00,DL00,,,RAW,5300000184,,0,200,EA,EA,1,1,1,1,22.24,1,"4,448.11","3,826.00",00/00/0000,0,,,,C,X,,0,0,0,0,0,,0,,,,,X,,0,,,,,X,,X,,,,,0,00/00/0000,0,0,0,,,EA,,0,0,0,2/20/19,F,"4,448.11",X,,,,,SAP,1,700,G,TX0000000,,,0,0,,,,,,,
140,4500000247,10,,,2/20/19,Off Road Tire,ORTR1011,ORTR1011,US00,DL00,,,RAW,5300000047,,0,200,EA,EA,1,1,1,1,15.14,1,"3,028.94","2,702.00",00/00/0000,0,,,,C,X,,0,0,0,0,0,,0,,,,,,,0,,,,,X,,X,,,,,0,00/00/0000,0,0,0,,,EA,,0,0,0,2/20/19,F,"3,028.94",X,,,,,SAP,1,700,G,TX0000000,,,0,0,,,,,,,
140,4500000248,10,,,2/20/19,Off Road Tire,ORTR1011,ORTR1011,US00,DL00,,,RAW,5300000161,,0,200,EA,EA,1,1,1,1,15.75,1,"3,150.37","2,784.00",00/00/0000,0,,,,C,X,,0,0,0,0,0,,0,,,,,X,,0,,,,,X,,X,,,,,0,00/00/0000,0,0,0,,,EA,,0,0,0,2/20/19,F,"3,150.37",X,,,,,SAP,1,700,G,TX0000000,,,0,0,,,,,,,
140,4500000249,10,,,2/20/19,Paper for planes,PLANE PAPERS 032,PLANE PAPERS 032,US00,DL00,,,RAW,5300000185,,0,10,PAL,PAL,1,1,100,1,100,1,"1,000.00","1,000.00",00/00/0000,0,,,,C,X,,0,0,0,0,0,,0,,,,,X,,0,,,,,X,,X,,,,,0,00/00/0000,0,0,0,,,EA,,0,0,0,2/20/19,F,"1,000.00",X,,,,,SAP,0,0,LB,TX0000000,,,0,0,,,,,,,
140,4500000250,10,,,2/20/19,Off Road Tire,ORTR1000,ORTR1000,US00,DL00,,,RAW,5300000186,,0,200,EA,EA,1,1,1,1,18,1,"3,599.56","3,102.00",00/00/0000,0,,,,C,X,,0,0,0,0,0,,0,,,,,X,,0,,,,,X,,X,,,,,0,00/00/0000,0,0,0,,,EA,,0,0,0,2/20/19,F,"3,599.56",X,,,,,SAP,1,700,G,TX0000000,,,0,0,,,,,,,
140,4500000251,10,,,2/20/19,Off Road Tire,ORTR1011,ORTR1011,US00,DL00,,,RAW,5300000162,,0,200,EA,EA,1,1,1,1,12.28,1,"2,455.10","2,218.00",00/00/0000,0,,,,C,X,,0,0,0,0,0,,0,,,,,X,,0,,,,,X,,X,,,,,0,00/00/0000,0,0,0,,,EA,,0,0,0,2/20/19,F,"2,455.10",X,,,,,SAP,1,700,G,TX0000000,,,0,0,,,,,,,
140,4500000252,10,,,2/20/19,Off Road Tire,ORTR1011,ORTR1011,US00,DL00,,,RAW,5300000047,,0,200,EA,EA,1,1,1,1,11.22,1,"2,243.00","2,016.00",00/00/0000,0,,,,C,X,,0,0,0,0,0,,0,,,,,X,,0,,,,,X,,X,,,,,0,00/00/0000,0,0,0,,,EA,,0,0,0,2/20/19,F,"2,243.00",X,,,,,SAP,1,700,G,TX0000000,,,0,0,,,,,,,
140,4500000253,10,,,2/20/19,Off Road Tire,ORTR1000,ORTR1000,US00,DL00,,,RAW,5300000187,,0,200,EA,EA,1,1,1,1,14.57,1,"2,914.33","2,626.00",00/00/0000,0,,,,C,X,,0,0,0,0,0,,0,,,,,X,,0,,,,,X,,X,,,,,0,00/00/0000,0,0,0,,,EA,,0,0,0,2/20/19,F,"2,914.33",X,,,,,SAP,1,700,G,TX0000000,,,0,0,,,,,,,
140,4500000254,10,,,2/20/19,Off Road Tire,ORTR1000,ORTR1000,US00,DL00,,,RAW,5300000188,,0,200,EA,EA,1,1,1,1,17.81,1,"3,562.50","3,174.00",00/00/0000,0,,,,C,X,,0,0,0,0,0,,0,,,,,X,,0,,,,,X,,X,,,,,0,00/00/0000,0,0,0,,,EA,,0,0,0,2/20/19,F,"3,562.50",X,,,,,SAP,1,700,G,TX0000000,,,0,0,,,,,,,
140,4500000255,20,,,2/20/19,Off Road Tire,ORTR1034,ORTR1034,US00,DL00,,,RAW,5300000189,,0,200,EA,EA,1,1,1,1,15.76,1,"3,152.86","2,676.00",00/00/0000,0,,,,C,X,,0,0,0,0,0,,0,,,,,X,,0,,,,,X,,X,,,,,0,00/00/0000,0,0,0,,,EA,,0,0,0,2/20/19,F,"3,152.86",X,,,,,SAP,1,700,G,TX0000000,,,0,0,,,,,,,
140,4500000256,10,,,2/20/19,Off Road Tire,ORTR1034,ORTR1034,US00,DL00,,,RAW,5300000190,,0,200,EA,EA,1,1,1,1,19.85,1,"3,969.58","3,410.00",00/00/0000,0,,,,C,X,,0,0,0,0,0,,0,,,,,X,,0,,,,,X,,X,,,,,0,00/00/0000,0,0,0,,,EA,,0,0,0,2/20/19,F,"3,969.58",X,,,,,SAP,1,700,G,TX0000000,,,0,0,,,,,,,
140,4500000257,10,,,2/20/19,Off Road Tire,ORTR1034,ORTR1034,US00,DL00,,,RAW,5300000191,,0,200,EA,EA,1,1,1,1,19.84,1,"3,967.45","3,354.00",00/00/0000,0,,,,C,X,,0,0,0,0,0,,0,,,,,X,,0,,,,,X,,X,,,,,0,00/00/0000,0,0,0,,,EA,,0,0,0,2/20/19,F,"3,967.45",X,,,,,SAP,1,700,G,TX0000000,,,0,0,,,,,,,
140,4500000258,10,,,2/20/19,Off Road Tire,ORTR1000,ORTR1000,US00,DL00,,,RAW,5300000192,,0,200,EA,EA,1,1,1,1,14.02,1,"2,804.49","2,502.00",00/00/0000,0,,,,C,X,,0,0,0,0,0,,0,,,,,X,,0,,,,,X,,X,,,,,0,00/00/0000,0,0,0,,,EA,,0,0,0,2/20/19,F,"2,804.49",X,,,,,SAP,1,700,G,TX0000000,,,0,0,,,,,,,
140,4500000259,10,,,2/20/19,Off Road Tire,ORTR1007,ORTR1007,US00,DL00,,,RAW,5300000068,,0,200,EA,EA,1,1,1,1,23.21,1,"4,641.43","3,902.00",00/00/0000,0,,,,C,X,,0,0,0,0,0,,0,,,,,X,,0,,,,,X,,X,,,,,0,00/00/0000,0,0,0,,,EA,,0,0,0,2/20/19,F,"4,641.43",X,,,,,SAP,1,700,G,TX0000000,,,0,0,,,,,,,
140,4500000260,10,,,2/20/19,Paper for Planes,PLANE PAPER 011,PLANE PAPER 011,US00,DL00,,,RAW,5300000122,,0,10,PAL,PAL,1,1,100,1,10,1,100,100,00/00/0000,0,,,,C,X,,0,0,0,0,0,,0,,,,,X,,0,,,,,X,,X,,,,,0,00/00/0000,0,0,0,,,EA,,0,0,0,2/20/19,F,100,X,,,,,SAP,0,0,LB,TX0000000,,,0,0,,,,,,,
140,4500000261,10,,,2/20/19,Papier fuer Flugzeuge,PLANE PAPER 011,PLANE PAPER 011,DE00,HD00,,,RAW,5300000193,,0,5,PAL,PAL,1,1,100,1,8,1,40,40,00/00/0000,0,,,,C,X,,0,0,0,0,0,,0,,,,,X,,0,,,,,X,,X,,,,,0,00/00/0000,0,0,0,,,EA,,0,0,0,2/20/19,F,40,X,,,,,SAP,0,0,LB,,,,0,0,,,,,,,
140,4500000262,10,,,2/20/19,Off Road Tire,ORTR1007,ORTR1007,US00,DL00,,,RAW,5300000194,,0,200,EA,EA,1,1,1,1,17,1,"3,399.40","2,956.00",00/00/0000,0,,,,C,X,,0,0,0,0,0,,0,,,,,,,0,,,,,X,,X,,,,,0,00/00/0000,0,0,0,,,EA,,0,0,0,2/20/19,F,"3,399.40",X,,,,,SAP,1,700,G,TX0000000,,,0,0,,,,,,,
140,4500000263,10,,,2/20/19,Off Road Tire,ORTR1007,ORTR1007,US00,DL00,,,RAW,5300000194,,0,200,EA,EA,1,1,1,1,17,1,"3,399.40","2,956.00",00/00/0000,0,,,,C,X,,0,0,0,0,0,,0,,,,,X,,0,,,,,X,,X,,,,,0,00/00/0000,0,0,0,,,EA,,0,0,0,2/20/19,F,"3,399.40",X,,,,,SAP,1,700,G,TX0000000,,,0,0,,,,,,,
140,4500000264,10,,,2/20/19,Off Road Tire,ORTR1007,ORTR1007,US00,DL00,,,RAW,5300000195,,0,200,EA,EA,1,1,1,1,18.36,1,"3,672.20","3,246.00",00/00/0000,0,,,,C,X,,0,0,0,0,0,,0,,,,,X,,0,,,,,X,,X,,,,,0,00/00/0000,0,0,0,,,EA,,0,0,0,2/21/19,F,"3,672.20",X,,,,,SAP,1,700,G,TX0000000,,,0,0,,,,,,,
140,4500000265,10,,,2/21/19,Papier fuer Flugzeuge,PLANE PAPERS 032,PLANE PAPERS 032,DE00,HD00,,,RAW,5300000196,,0,10,PAL,PAL,1,1,100,1,80,1,800,800,00/00/0000,0,,,,C,X,,0,0,0,0,0,,0,,,,,X,,0,,,,,X,,X,,,,,0,00/00/0000,0,0,0,,,EA,,0,0,0,2/21/19,F,800,X,,,,,SAP,0,0,LB,,,,0,0,,,,,,,